experiment,x_variable,x_label,y_variable,y_label,observed_x,observed_y,plot_x,plot_y,spearman_rho,q_value
2,aq_score,AQ,4_nf_daily,Daily familiarity,19,0.75,19.092994445698046,0.77640030957801276,0.2344950776831648,5.6196470670873507e-05
2,aq_score,AQ,4_nf_daily,Daily familiarity,23,0,22.996277150107865,-0.011440941865436101,0.2344950776831648,5.6196470670873507e-05
2,aq_score,AQ,4_nf_daily,Daily familiarity,13,0.125,13.12494104134419,0.12778402197842911,0.2344950776831648,5.6196470670873507e-05
2,aq_score,AQ,4_nf_daily,Daily familiarity,20,0.5,19.970645762115399,0.52303921341081505,0.2344950776831648,5.6196470670873507e-05
2,aq_score,AQ,4_nf_daily,Daily familiarity,28,1.75,27.834089553970788,1.7281556557030873,0.2344950776831648,5.6196470670873507e-05
2,aq_score,AQ,4_nf_daily,Daily familiarity,17,0,16.928207329973525,-0.0012377824045366999,0.2344950776831648,5.6196470670873507e-05
2,aq_score,AQ,4_nf_daily,Daily familiarity,18,-0.125,17.879365547427266,-0.10884393085638019,0.2344950776831648,5.6196470670873507e-05
2,aq_score,AQ,4_nf_daily,Daily familiarity,14,0,14.097455244680312,-0.02108483132007,0.2344950776831648,5.6196470670873507e-05
2,aq_score,AQ,4_nf_daily,Daily familiarity,30,0.25,29.933612372608938,0.23140537524994609,0.2344950776831648,5.6196470670873507e-05
2,aq_score,AQ,4_nf_daily,Daily familiarity,23,0.875,23.006601538183883,0.89080107360325222,0.2344950776831648,5.6196470670873507e-05
2,aq_score,AQ,4_nf_daily,Daily familiarity,17,1.125,17.084395269795476,1.1468954570432559,0.2344950776831648,5.6196470670873507e-05
2,aq_score,AQ,4_nf_daily,Daily familiarity,19,0.5,19.103915643732737,0.49173352347296428,0.2344950776831648,5.6196470670873507e-05
2,aq_score,AQ,4_nf_daily,Daily familiarity,12,0.75,12.089521698925791,0.76138655006871514,0.2344950776831648,5.6196470670873507e-05
2,aq_score,AQ,4_nf_daily,Daily familiarity,29,2.75,29.051487669902205,2.749015797264204,0.2344950776831648,5.6196470670873507e-05
2,aq_score,AQ,4_nf_daily,Daily familiarity,20,1.5,20.04029185306802,1.4967522023913882,0.2344950776831648,5.6196470670873507e-05
2,aq_score,AQ,4_nf_daily,Daily familiarity,13,0.625,13.118942123797961,0.62729342400015187,0.2344950776831648,5.6196470670873507e-05
2,aq_score,AQ,4_nf_daily,Daily familiarity,12,-0.875,12.095005570602533,-0.87533721743774029,0.2344950776831648,5.6196470670873507e-05
2,aq_score,AQ,4_nf_daily,Daily familiarity,34,1.125,34.160285624561723,1.1207784602618809,0.2344950776831648,5.6196470670873507e-05
2,aq_score,AQ,4_nf_daily,Daily familiarity,8,-1,8.1191498338165324,-0.98192357865243041,0.2344950776831648,5.6196470670873507e-05
2,aq_score,AQ,4_nf_daily,Daily familiarity,18,-0.25,18.0937310579897,-0.22865242512049991,0.2344950776831648,5.6196470670873507e-05
2,aq_score,AQ,4_nf_daily,Daily familiarity,26,-0.5,26.130961018707328,-0.50968446546823254,0.2344950776831648,5.6196470670873507e-05
2,aq_score,AQ,4_nf_daily,Daily familiarity,22,-0.5,21.870329109315833,-0.47640843562838991,0.2344950776831648,5.6196470670873507e-05
2,aq_score,AQ,4_nf_daily,Daily familiarity,17,0,16.92656067277148,0.0027625586362468998,0.2344950776831648,5.6196470670873507e-05
2,aq_score,AQ,4_nf_daily,Daily familiarity,25,2.375,24.97901456491023,2.3587766488749407,0.2344950776831648,5.6196470670873507e-05
3,aq_score,AQ,4_nf_daily,Daily familiarity,22,0.875,21.880852129644719,0.89636861655206956,0.2344950776831648,5.6196470670873507e-05
3,aq_score,AQ,4_nf_daily,Daily familiarity,28,1.5,28.122701923253398,1.4808054315554946,0.2344950776831648,5.6196470670873507e-05
3,aq_score,AQ,4_nf_daily,Daily familiarity,20,0.125,20.010328946482218,0.1449719067838908,0.2344950776831648,5.6196470670873507e-05
3,aq_score,AQ,4_nf_daily,Daily familiarity,24,0.75,24.09205549106052,0.73665760229480337,0.2344950776831648,5.6196470670873507e-05
3,aq_score,AQ,4_nf_daily,Daily familiarity,16,-0.875,15.841544620776538,-0.871477530695137,0.2344950776831648,5.6196470670873507e-05
3,aq_score,AQ,4_nf_daily,Daily familiarity,23,0.625,22.85859779989465,0.60594224563349697,0.2344950776831648,5.6196470670873507e-05
3,aq_score,AQ,4_nf_daily,Daily familiarity,33,0.5,33.138821768426531,0.4793436294878477,0.2344950776831648,5.6196470670873507e-05
3,aq_score,AQ,4_nf_daily,Daily familiarity,39,1.5,38.971497603497575,1.4815245025478332,0.2344950776831648,5.6196470670873507e-05
3,aq_score,AQ,4_nf_daily,Daily familiarity,25,-0.875,24.920615482628257,-0.86215954330802169,0.2344950776831648,5.6196470670873507e-05
3,aq_score,AQ,4_nf_daily,Daily familiarity,33,2,33.159551328055457,1.9761012580131148,0.2344950776831648,5.6196470670873507e-05
3,aq_score,AQ,4_nf_daily,Daily familiarity,24,1.875,24.078383639023965,1.8513223817499775,0.2344950776831648,5.6196470670873507e-05
3,aq_score,AQ,4_nf_daily,Daily familiarity,17,-1.625,16.929830491349254,-1.6225730565585841,0.2344950776831648,5.6196470670873507e-05
3,aq_score,AQ,4_nf_daily,Daily familiarity,33,0,32.892071479547759,-0.015201433059373401,0.2344950776831648,5.6196470670873507e-05
3,aq_score,AQ,4_nf_daily,Daily familiarity,26,1.5,25.959233069701305,1.5147646088260374,0.2344950776831648,5.6196470670873507e-05
3,aq_score,AQ,4_nf_daily,Daily familiarity,28,0.5,27.844304893615689,0.49174097858774252,0.2344950776831648,5.6196470670873507e-05
3,aq_score,AQ,4_nf_daily,Daily familiarity,16,0.625,15.880307840311708,0.60836451362414501,0.2344950776831648,5.6196470670873507e-05
3,aq_score,AQ,4_nf_daily,Daily familiarity,32,-0.75,32.021008709297107,-0.76824252344735777,0.2344950776831648,5.6196470670873507e-05
3,aq_score,AQ,4_nf_daily,Daily familiarity,25,0,24.837414043121552,0.0137046821711874,0.2344950776831648,5.6196470670873507e-05
3,aq_score,AQ,4_nf_daily,Daily familiarity,13,0.875,13.155681176647899,0.8554248243385465,0.2344950776831648,5.6196470670873507e-05
3,aq_score,AQ,4_nf_daily,Daily familiarity,16,-0.625,15.993361570859912,-0.62567283390574835,0.2344950776831648,5.6196470670873507e-05
3,aq_score,AQ,4_nf_daily,Daily familiarity,27,0.375,26.913901713882179,0.38680379614024218,0.2344950776831648,5.6196470670873507e-05
3,aq_score,AQ,4_nf_daily,Daily familiarity,16,0.125,15.947063928127042,0.13671052500724579,0.2344950776831648,5.6196470670873507e-05
4,aq_score,AQ,4_nf_daily,Daily familiarity,29,0.375,29.074532130502611,0.39081529060394948,0.2344950776831648,5.6196470670873507e-05
4,aq_score,AQ,4_nf_daily,Daily familiarity,21,-0.375,20.943730788048754,-0.36706054038184621,0.2344950776831648,5.6196470670873507e-05
4,aq_score,AQ,4_nf_daily,Daily familiarity,18,2.25,17.890581340217366,2.2579301397254938,0.2344950776831648,5.6196470670873507e-05
4,aq_score,AQ,4_nf_daily,Daily familiarity,19,0.625,18.931356163600576,0.61247374865321447,0.2344950776831648,5.6196470670873507e-05
4,aq_score,AQ,4_nf_daily,Daily familiarity,34,1.375,34.002671310817725,1.372983899337552,0.2344950776831648,5.6196470670873507e-05
4,aq_score,AQ,4_nf_daily,Daily familiarity,20,-0.5,20.142020360484629,-0.48790575630757899,0.2344950776831648,5.6196470670873507e-05
4,aq_score,AQ,4_nf_daily,Daily familiarity,10,0.25,10.119689048905444,0.2540631605423001,0.2344950776831648,5.6196470670873507e-05
4,aq_score,AQ,4_nf_daily,Daily familiarity,18,0.625,17.901689807438856,0.63881394828938487,0.2344950776831648,5.6196470670873507e-05
4,aq_score,AQ,4_nf_daily,Daily familiarity,37,1,36.915245821590638,0.99249187240454484,0.2344950776831648,5.6196470670873507e-05
4,aq_score,AQ,4_nf_daily,Daily familiarity,5,-0.5,4.9737344069214275,-0.52425540518824421,0.2344950776831648,5.6196470670873507e-05
4,aq_score,AQ,4_nf_daily,Daily familiarity,31,1.5,31.066557399306131,1.4782524913574044,0.2344950776831648,5.6196470670873507e-05
4,aq_score,AQ,4_nf_daily,Daily familiarity,7,-0.75,7.103829079582626,-0.75085049853714747,0.2344950776831648,5.6196470670873507e-05
4,aq_score,AQ,4_nf_daily,Daily familiarity,11,-1,10.982969596919316,-0.98752179446792199,0.2344950776831648,5.6196470670873507e-05
4,aq_score,AQ,4_nf_daily,Daily familiarity,18,1.375,18.122923281814401,1.3529568345765317,0.2344950776831648,5.6196470670873507e-05
4,aq_score,AQ,4_nf_daily,Daily familiarity,13,2.125,12.998096921391856,2.1024485180252701,0.2344950776831648,5.6196470670873507e-05
4,aq_score,AQ,4_nf_daily,Daily familiarity,20,0.875,19.833436047930643,0.85533613054021185,0.2344950776831648,5.6196470670873507e-05
4,aq_score,AQ,4_nf_daily,Daily familiarity,27,2,27.104441914298931,2.0243072232705619,0.2344950776831648,5.6196470670873507e-05
4,aq_score,AQ,4_nf_daily,Daily familiarity,18,1.5,18.164243905156788,1.5011749669955801,0.2344950776831648,5.6196470670873507e-05
4,aq_score,AQ,4_nf_daily,Daily familiarity,30,0.75,30.120837001850823,0.76399116628769892,0.2344950776831648,5.6196470670873507e-05
4,aq_score,AQ,4_nf_daily,Daily familiarity,21,2.625,21.079876131058175,2.6456624666035307,0.2344950776831648,5.6196470670873507e-05
4,aq_score,AQ,4_nf_daily,Daily familiarity,39,0.375,38.946116857510845,0.38018132530267951,0.2344950776831648,5.6196470670873507e-05
4,aq_score,AQ,4_nf_daily,Daily familiarity,18,-0.25,17.912268615063226,-0.26010227993925322,0.2344950776831648,5.6196470670873507e-05
4,aq_score,AQ,4_nf_daily,Daily familiarity,14,1,14.048199615181559,1.0259478394978658,0.2344950776831648,5.6196470670873507e-05
4,aq_score,AQ,4_nf_daily,Daily familiarity,25,-0.375,24.902624701501782,-0.37147906804475,0.2344950776831648,5.6196470670873507e-05
4,aq_score,AQ,4_nf_daily,Daily familiarity,38,-0.625,37.916956145317407,-0.61321764857636607,0.2344950776831648,5.6196470670873507e-05
4,aq_score,AQ,4_nf_daily,Daily familiarity,40,1.25,39.900938085244022,1.2481312945560157,0.2344950776831648,5.6196470670873507e-05
4,aq_score,AQ,4_nf_daily,Daily familiarity,22,1,21.947384468480564,1.025735098926611,0.2344950776831648,5.6196470670873507e-05
4,aq_score,AQ,4_nf_daily,Daily familiarity,19,-0.5,19.07446234471761,-0.47742937352004933,0.2344950776831648,5.6196470670873507e-05
4,aq_score,AQ,4_nf_daily,Daily familiarity,18,0.125,17.849457427889881,0.0984561025413348,0.2344950776831648,5.6196470670873507e-05
4,aq_score,AQ,4_nf_daily,Daily familiarity,5,1.5,4.9398479441444625,1.4907448867776381,0.2344950776831648,5.6196470670873507e-05
4,aq_score,AQ,4_nf_daily,Daily familiarity,38,1.125,38.148225881731037,1.1319141915740012,0.2344950776831648,5.6196470670873507e-05
4,aq_score,AQ,4_nf_daily,Daily familiarity,10,0.875,9.9501179350993105,0.88880586924193228,0.2344950776831648,5.6196470670873507e-05
4,aq_score,AQ,4_nf_daily,Daily familiarity,16,1,16.114792732383428,0.97353217584389939,0.2344950776831648,5.6196470670873507e-05
4,aq_score,AQ,4_nf_daily,Daily familiarity,12,0.5,12.147741978563211,0.48005981693868061,0.2344950776831648,5.6196470670873507e-05
4,aq_score,AQ,4_nf_daily,Daily familiarity,16,0,16.115769232629617,-0.022023688494170301,0.2344950776831648,5.6196470670873507e-05
4,aq_score,AQ,4_nf_daily,Daily familiarity,26,2.5,26.129976108358711,2.4827047710434349,0.2344950776831648,5.6196470670873507e-05
4,aq_score,AQ,4_nf_daily,Daily familiarity,26,0.375,25.971571072554251,0.38417824535397388,0.2344950776831648,5.6196470670873507e-05
4,aq_score,AQ,4_nf_daily,Daily familiarity,21,2,21.152808100963171,1.9857640176928415,0.2344950776831648,5.6196470670873507e-05
4,aq_score,AQ,4_nf_daily,Daily familiarity,12,-0.625,11.988018218073954,-0.64159123446562993,0.2344950776831648,5.6196470670873507e-05
4,aq_score,AQ,4_nf_daily,Daily familiarity,14,0.125,13.902885605443036,0.14784932665237879,0.2344950776831648,5.6196470670873507e-05
4,aq_score,AQ,4_nf_daily,Daily familiarity,16,0,15.969045130771203,-0.018070550696154999,0.2344950776831648,5.6196470670873507e-05
4,aq_score,AQ,4_nf_daily,Daily familiarity,23,0.375,22.90101087042185,0.39158117449664648,0.2344950776831648,5.6196470670873507e-05
4,aq_score,AQ,4_nf_daily,Daily familiarity,17,0.875,16.958258550968566,0.86773113798063273,0.2344950776831648,5.6196470670873507e-05
4,aq_score,AQ,4_nf_daily,Daily familiarity,17,0.125,17.047762678089942,0.13108574739585399,0.2344950776831648,5.6196470670873507e-05
4,aq_score,AQ,4_nf_daily,Daily familiarity,25,0.5,25.049512749068469,0.50281767354251461,0.2344950776831648,5.6196470670873507e-05
4,aq_score,AQ,4_nf_daily,Daily familiarity,17,3,16.991531752709459,2.9983008775911069,0.2344950776831648,5.6196470670873507e-05
4,aq_score,AQ,4_nf_daily,Daily familiarity,18,0.75,18.052443966047033,0.7242449222361439,0.2344950776831648,5.6196470670873507e-05
4,aq_score,AQ,4_nf_daily,Daily familiarity,28,-0.25,28.081456506588356,-0.2631404669681689,0.2344950776831648,5.6196470670873507e-05
4,aq_score,AQ,4_nf_daily,Daily familiarity,22,2.125,22.001883744092328,2.1140536158493051,0.2344950776831648,5.6196470670873507e-05
4,aq_score,AQ,4_nf_daily,Daily familiarity,31,-0.625,31.159115990020776,-0.63244606707422646,0.2344950776831648,5.6196470670873507e-05
4,aq_score,AQ,4_nf_daily,Daily familiarity,16,1.875,15.869266584082778,1.8893971600877295,0.2344950776831648,5.6196470670873507e-05
4,aq_score,AQ,4_nf_daily,Daily familiarity,25,-0.875,24.879020021854227,-0.89122040710392458,0.2344950776831648,5.6196470670873507e-05
4,aq_score,AQ,4_nf_daily,Daily familiarity,26,-0.25,25.991891452949137,-0.22403466087327401,0.2344950776831648,5.6196470670873507e-05
4,aq_score,AQ,4_nf_daily,Daily familiarity,16,-0.375,16.028639120258152,-0.3686652639870745,0.2344950776831648,5.6196470670873507e-05
4,aq_score,AQ,4_nf_daily,Daily familiarity,19,0.375,19.022212091882121,0.39980248538762653,0.2344950776831648,5.6196470670873507e-05
4,aq_score,AQ,4_nf_daily,Daily familiarity,11,1.125,10.948039120243518,1.109407780750749,0.2344950776831648,5.6196470670873507e-05
4,aq_score,AQ,4_nf_daily,Daily familiarity,13,0.25,13.09685150490925,0.23312961041697419,0.2344950776831648,5.6196470670873507e-05
4,aq_score,AQ,4_nf_daily,Daily familiarity,13,0.125,12.955519899401841,0.148510256490026,0.2344950776831648,5.6196470670873507e-05
4,aq_score,AQ,4_nf_daily,Daily familiarity,20,1.375,19.929422892141609,1.3555304972075797,0.2344950776831648,5.6196470670873507e-05
4,aq_score,AQ,4_nf_daily,Daily familiarity,22,0.875,22.07199111865021,0.88187661811682516,0.2344950776831648,5.6196470670873507e-05
4,aq_score,AQ,4_nf_daily,Daily familiarity,23,0.25,22.884306956314138,0.24684399343459179,0.2344950776831648,5.6196470670873507e-05
4,aq_score,AQ,4_nf_daily,Daily familiarity,25,1.5,25.051193604289494,1.4887280739343884,0.2344950776831648,5.6196470670873507e-05
4,aq_score,AQ,4_nf_daily,Daily familiarity,15,0.5,15.021819534730946,0.50165345956129492,0.2344950776831648,5.6196470670873507e-05
4,aq_score,AQ,4_nf_daily,Daily familiarity,17,1.625,16.926203336867328,1.6065241208507368,0.2344950776831648,5.6196470670873507e-05
4,aq_score,AQ,4_nf_daily,Daily familiarity,29,0.5,29.004777137512619,0.49885023737953238,0.2344950776831648,5.6196470670873507e-05
4,aq_score,AQ,4_nf_daily,Daily familiarity,32,1.875,32.000748982038409,1.9006447714553103,0.2344950776831648,5.6196470670873507e-05
4,aq_score,AQ,4_nf_daily,Daily familiarity,16,0.625,15.893700102211016,0.62349557526069999,0.2344950776831648,5.6196470670873507e-05
4,aq_score,AQ,4_nf_daily,Daily familiarity,18,1.5,17.834597479908183,1.479316483287308,0.2344950776831648,5.6196470670873507e-05
4,aq_score,AQ,4_nf_daily,Daily familiarity,22,1.125,21.859344974206849,1.1451287521785751,0.2344950776831648,5.6196470670873507e-05
4,aq_score,AQ,4_nf_daily,Daily familiarity,11,0.375,10.885853639965552,0.39149138346884288,0.2344950776831648,5.6196470670873507e-05
4,aq_score,AQ,4_nf_daily,Daily familiarity,13,-0.25,12.899439538955084,-0.2550559143982154,0.2344950776831648,5.6196470670873507e-05
4,aq_score,AQ,4_nf_daily,Daily familiarity,22,1.625,21.929072726287959,1.635211303508685,0.2344950776831648,5.6196470670873507e-05
4,aq_score,AQ,4_nf_daily,Daily familiarity,12,-0.375,12.036638705823371,-0.39524087015047082,0.2344950776831648,5.6196470670873507e-05
4,aq_score,AQ,4_nf_daily,Daily familiarity,32,0.25,31.893411147198432,0.27280935997172312,0.2344950776831648,5.6196470670873507e-05
4,aq_score,AQ,4_nf_daily,Daily familiarity,26,0.875,25.975678363285589,0.90005180712661981,0.2344950776831648,5.6196470670873507e-05
4,aq_score,AQ,4_nf_daily,Daily familiarity,25,0,24.841203144431852,0.024254842066116999,0.2344950776831648,5.6196470670873507e-05
4,aq_score,AQ,4_nf_daily,Daily familiarity,27,0.375,27.083403263343989,0.3995907196177117,0.2344950776831648,5.6196470670873507e-05
4,aq_score,AQ,4_nf_daily,Daily familiarity,7,-0.625,6.8938065998345808,-0.60114862026754678,0.2344950776831648,5.6196470670873507e-05
4,aq_score,AQ,4_nf_daily,Daily familiarity,15,-0.125,14.94359191943725,-0.1341317558133632,0.2344950776831648,5.6196470670873507e-05
4,aq_score,AQ,4_nf_daily,Daily familiarity,23,-0.75,23.070586052255042,-0.74235431331227508,0.2344950776831648,5.6196470670873507e-05
4,aq_score,AQ,4_nf_daily,Daily familiarity,15,-1.125,14.892283671396951,-1.1169271247925334,0.2344950776831648,5.6196470670873507e-05
4,aq_score,AQ,4_nf_daily,Daily familiarity,10,-0.25,10.071650304713538,-0.2385772915850293,0.2344950776831648,5.6196470670873507e-05
4,aq_score,AQ,4_nf_daily,Daily familiarity,11,-1.625,10.880232153552868,-1.6271730682668224,0.2344950776831648,5.6196470670873507e-05
4,aq_score,AQ,4_nf_daily,Daily familiarity,20,-1.5,20.05640997730675,-1.4749495569293125,0.2344950776831648,5.6196470670873507e-05
4,aq_score,AQ,4_nf_daily,Daily familiarity,28,1,28.102330251437387,0.98580284201236645,0.2344950776831648,5.6196470670873507e-05
4,aq_score,AQ,4_nf_daily,Daily familiarity,19,2.5,18.93604620353517,2.4939051629665721,0.2344950776831648,5.6196470670873507e-05
4,aq_score,AQ,4_nf_daily,Daily familiarity,24,-1.375,23.924803289505252,-1.3879711030391542,0.2344950776831648,5.6196470670873507e-05
4,aq_score,AQ,4_nf_daily,Daily familiarity,22,0.25,22.087448690182605,0.24932608797128089,0.2344950776831648,5.6196470670873507e-05
4,aq_score,AQ,4_nf_daily,Daily familiarity,15,-0.875,15.170826048718585,-0.85527670955306589,0.2344950776831648,5.6196470670873507e-05
4,aq_score,AQ,4_nf_daily,Daily familiarity,29,1,29.1521573002154,1.0123822419056578,0.2344950776831648,5.6196470670873507e-05
4,aq_score,AQ,4_nf_daily,Daily familiarity,12,-3,11.954618042137808,-2.984158314532841,0.2344950776831648,5.6196470670873507e-05
4,aq_score,AQ,4_nf_daily,Daily familiarity,32,0.625,32.028453214945152,0.60850029341484491,0.2344950776831648,5.6196470670873507e-05
4,aq_score,AQ,4_nf_daily,Daily familiarity,19,-0.25,18.954847024185216,-0.26911463920861228,0.2344950776831648,5.6196470670873507e-05
4,aq_score,AQ,4_nf_daily,Daily familiarity,20,1.125,19.860126846290324,1.1442329165881835,0.2344950776831648,5.6196470670873507e-05
4,aq_score,AQ,4_nf_daily,Daily familiarity,15,0,14.951081464079232,-0.0067757838398085002,0.2344950776831648,5.6196470670873507e-05
4,aq_score,AQ,4_nf_daily,Daily familiarity,26,0.25,25.926380059573887,0.2508228409375845,0.2344950776831648,5.6196470670873507e-05
4,aq_score,AQ,4_nf_daily,Daily familiarity,33,3,32.883487581910749,3.0265770017251548,0.2344950776831648,5.6196470670873507e-05
4,aq_score,AQ,4_nf_daily,Daily familiarity,23,1.875,23.133882318516289,1.8868618304799665,0.2344950776831648,5.6196470670873507e-05
4,aq_score,AQ,4_nf_daily,Daily familiarity,32,0,31.845669731163959,0.011771250058304501,0.2344950776831648,5.6196470670873507e-05
4,aq_score,AQ,4_nf_daily,Daily familiarity,23,-0.125,22.99821887774949,-0.1031398883539274,0.2344950776831648,5.6196470670873507e-05
4,aq_score,AQ,4_nf_daily,Daily familiarity,22,2.25,22.121268943555918,2.2376242242735516,0.2344950776831648,5.6196470670873507e-05
4,aq_score,AQ,4_nf_daily,Daily familiarity,13,0.5,12.898328909143476,0.49725152726630201,0.2344950776831648,5.6196470670873507e-05
4,aq_score,AQ,4_nf_daily,Daily familiarity,28,-0.375,28.066662187784189,-0.36698985213904289,0.2344950776831648,5.6196470670873507e-05
4,aq_score,AQ,4_nf_daily,Daily familiarity,21,0.625,21.039077762017715,0.6432238660287195,0.2344950776831648,5.6196470670873507e-05
4,aq_score,AQ,4_nf_daily,Daily familiarity,19,1.875,19.07031696462516,1.852262825212144,0.2344950776831648,5.6196470670873507e-05
4,aq_score,AQ,4_nf_daily,Daily familiarity,18,-1.75,18.162076263616999,-1.727532069724002,0.2344950776831648,5.6196470670873507e-05
4,aq_score,AQ,4_nf_daily,Daily familiarity,25,-0.875,25.028171094815548,-0.89585217466268363,0.2344950776831648,5.6196470670873507e-05
4,aq_score,AQ,4_nf_daily,Daily familiarity,21,-0.875,21.064760552851354,-0.84905419061812215,0.2344950776831648,5.6196470670873507e-05
4,aq_score,AQ,4_nf_daily,Daily familiarity,17,-2.125,16.891501977303662,-2.1007107633644058,0.2344950776831648,5.6196470670873507e-05
4,aq_score,AQ,4_nf_daily,Daily familiarity,19,2.125,19.03994672494224,2.1210941043422729,0.2344950776831648,5.6196470670873507e-05
4,aq_score,AQ,4_nf_daily,Daily familiarity,18,-0.375,17.998472500109781,-0.36382280133746409,0.2344950776831648,5.6196470670873507e-05
4,aq_score,AQ,4_nf_daily,Daily familiarity,20,-2,19.829000531714691,-2.0079709609855847,0.2344950776831648,5.6196470670873507e-05
4,aq_score,AQ,4_nf_daily,Daily familiarity,20,0.625,19.958230013755063,0.63423537281964715,0.2344950776831648,5.6196470670873507e-05
4,aq_score,AQ,4_nf_daily,Daily familiarity,33,-0.125,33.083282339274199,-0.1428673722185054,0.2344950776831648,5.6196470670873507e-05
4,aq_score,AQ,4_nf_daily,Daily familiarity,24,1.125,23.870014933993112,1.1418204512107035,0.2344950776831648,5.6196470670873507e-05
4,aq_score,AQ,4_nf_daily,Daily familiarity,13,1,12.900966635196422,1.0007535871982669,0.2344950776831648,5.6196470670873507e-05
4,aq_score,AQ,4_nf_daily,Daily familiarity,11,0.25,11.016567103235554,0.2451075816111222,0.2344950776831648,5.6196470670873507e-05
4,aq_score,AQ,4_nf_daily,Daily familiarity,22,0.375,22.105722077208132,0.3915823886812631,0.2344950776831648,5.6196470670873507e-05
4,aq_score,AQ,4_nf_daily,Daily familiarity,26,1.125,25.924902195319937,1.1029667624533492,0.2344950776831648,5.6196470670873507e-05
4,aq_score,AQ,4_nf_daily,Daily familiarity,22,-0.125,21.978864619730786,-0.12988139298178999,0.2344950776831648,5.6196470670873507e-05
4,aq_score,AQ,4_nf_daily,Daily familiarity,21,0.125,21.13694084107863,0.11542386208921521,0.2344950776831648,5.6196470670873507e-05
4,aq_score,AQ,4_nf_daily,Daily familiarity,15,-0.5,14.832424643868096,-0.486870829567909,0.2344950776831648,5.6196470670873507e-05
4,aq_score,AQ,4_nf_daily,Daily familiarity,26,1,25.873598599051725,1.0111808802122846,0.2344950776831648,5.6196470670873507e-05
4,aq_score,AQ,4_nf_daily,Daily familiarity,17,0.25,16.885124938105449,0.23074902585754639,0.2344950776831648,5.6196470670873507e-05
4,aq_score,AQ,4_nf_daily,Daily familiarity,9,1.125,8.9725064740970577,1.112020863381104,0.2344950776831648,5.6196470670873507e-05
4,aq_score,AQ,4_nf_daily,Daily familiarity,19,0.25,18.941939257009786,0.26255388321754969,0.2344950776831648,5.6196470670873507e-05
5,aq_score,AQ,4_nf_daily,Daily familiarity,26,1.75,25.847854998856555,1.7649597482773078,0.2344950776831648,5.6196470670873507e-05
5,aq_score,AQ,4_nf_daily,Daily familiarity,11,0.875,10.869744218401788,0.87683256163805567,0.2344950776831648,5.6196470670873507e-05
5,aq_score,AQ,4_nf_daily,Daily familiarity,33,0.625,33.032854346842001,0.62049436380705736,0.2344950776831648,5.6196470670873507e-05
5,aq_score,AQ,4_nf_daily,Daily familiarity,17,-0.75,16.843068434674478,-0.73109666461807232,0.2344950776831648,5.6196470670873507e-05
5,aq_score,AQ,4_nf_daily,Daily familiarity,23,-0.375,22.895665805157709,-0.35753736470870351,0.2344950776831648,5.6196470670873507e-05
5,aq_score,AQ,4_nf_daily,Daily familiarity,32,1.375,31.839981702183721,1.3825605012287869,0.2344950776831648,5.6196470670873507e-05
5,aq_score,AQ,4_nf_daily,Daily familiarity,21,2.375,20.986090641999624,2.3676405509122307,0.2344950776831648,5.6196470670873507e-05
5,aq_score,AQ,4_nf_daily,Daily familiarity,43,-1.125,43.006034059027357,-1.0990143494485445,0.2344950776831648,5.6196470670873507e-05
5,aq_score,AQ,4_nf_daily,Daily familiarity,34,0.625,33.951963135023945,0.60059740011854701,0.2344950776831648,5.6196470670873507e-05
5,aq_score,AQ,4_nf_daily,Daily familiarity,13,0.5,13.155132250459411,0.49132384568301501,0.2344950776831648,5.6196470670873507e-05
5,aq_score,AQ,4_nf_daily,Daily familiarity,34,1.625,33.91157053523149,1.6374801703386732,0.2344950776831648,5.6196470670873507e-05
5,aq_score,AQ,4_nf_daily,Daily familiarity,19,0.5,18.846307890528276,0.4927382255417187,0.2344950776831648,5.6196470670873507e-05
5,aq_score,AQ,4_nf_daily,Daily familiarity,24,1.625,24.074280973836885,1.6273168372792166,0.2344950776831648,5.6196470670873507e-05
5,aq_score,AQ,4_nf_daily,Daily familiarity,12,1.375,11.986111226449612,1.3901860116739937,0.2344950776831648,5.6196470670873507e-05
5,aq_score,AQ,4_nf_daily,Daily familiarity,15,0.125,14.905188721555939,0.14460337124714021,0.2344950776831648,5.6196470670873507e-05
5,aq_score,AQ,4_nf_daily,Daily familiarity,17,0.875,16.947985057971085,0.85147649535573322,0.2344950776831648,5.6196470670873507e-05
5,aq_score,AQ,4_nf_daily,Daily familiarity,12,0,12.140343054514265,0.0015724215351243999,0.2344950776831648,5.6196470670873507e-05
5,aq_score,AQ,4_nf_daily,Daily familiarity,9,-0.5,8.897888632245408,-0.4905612276477116,0.2344950776831648,5.6196470670873507e-05
5,aq_score,AQ,4_nf_daily,Daily familiarity,22,1.5,21.857546135818765,1.5144124483745309,0.2344950776831648,5.6196470670873507e-05
5,aq_score,AQ,4_nf_daily,Daily familiarity,30,-0.375,30.08560940618511,-0.39298880957031501,0.2344950776831648,5.6196470670873507e-05
5,aq_score,AQ,4_nf_daily,Daily familiarity,29,-0.75,29.078302011928365,-0.74124945012539645,0.2344950776831648,5.6196470670873507e-05
5,aq_score,AQ,4_nf_daily,Daily familiarity,26,-0.5,25.896898400249153,-0.48586803426862341,0.2344950776831648,5.6196470670873507e-05
5,aq_score,AQ,4_nf_daily,Daily familiarity,23,0.25,22.950243142993315,0.2368001534675902,0.2344950776831648,5.6196470670873507e-05
5,aq_score,AQ,4_nf_daily,Daily familiarity,25,-1.125,25.035086588015528,-1.1154838699870402,0.2344950776831648,5.6196470670873507e-05
5,aq_score,AQ,4_nf_daily,Daily familiarity,13,0.75,13.168629750687757,0.72351051481706419,0.2344950776831648,5.6196470670873507e-05
5,aq_score,AQ,4_nf_daily,Daily familiarity,14,-1.375,14.162481317904328,-1.399806198752948,0.2344950776831648,5.6196470670873507e-05
5,aq_score,AQ,4_nf_daily,Daily familiarity,28,1.875,28.159177652961603,1.8543411726358383,0.2344950776831648,5.6196470670873507e-05
5,aq_score,AQ,4_nf_daily,Daily familiarity,24,1.875,24.039156877675239,1.8697850135226488,0.2344950776831648,5.6196470670873507e-05
5,aq_score,AQ,4_nf_daily,Daily familiarity,11,-1.375,10.893497352575006,-1.3763365194539721,0.2344950776831648,5.6196470670873507e-05
5,aq_score,AQ,4_nf_daily,Daily familiarity,18,-0.625,17.977591876405917,-0.6417575583735563,0.2344950776831648,5.6196470670873507e-05
5,aq_score,AQ,4_nf_daily,Daily familiarity,13,-0.375,12.992992998247503,-0.37907189755360848,0.2344950776831648,5.6196470670873507e-05
5,aq_score,AQ,4_nf_daily,Daily familiarity,32,1,32.126350304195562,0.99226953685756958,0.2344950776831648,5.6196470670873507e-05
5,aq_score,AQ,4_nf_daily,Daily familiarity,10,0.625,10.053797698993328,0.62967347165363352,0.2344950776831648,5.6196470670873507e-05
5,aq_score,AQ,4_nf_daily,Daily familiarity,22,0.5,22.104335068577623,0.49146179275664059,0.2344950776831648,5.6196470670873507e-05
5,aq_score,AQ,4_nf_daily,Daily familiarity,13,0.375,12.835447611179992,0.36903425480891189,0.2344950776831648,5.6196470670873507e-05
5,aq_score,AQ,4_nf_daily,Daily familiarity,23,-0.5,22.860627316913536,-0.52676717291016373,0.2344950776831648,5.6196470670873507e-05
5,aq_score,AQ,4_nf_daily,Daily familiarity,12,0.25,12.16576043726104,0.25108898801227131,0.2344950776831648,5.6196470670873507e-05
5,aq_score,AQ,4_nf_daily,Daily familiarity,25,0,25.136630750586036,0.017863688864242201,0.2344950776831648,5.6196470670873507e-05
5,aq_score,AQ,4_nf_daily,Daily familiarity,30,0.625,30.032090190211267,0.60022346773579616,0.2344950776831648,5.6196470670873507e-05
5,aq_score,AQ,4_nf_daily,Daily familiarity,28,0.5,28.096015978388628,0.50833987706186368,0.2344950776831648,5.6196470670873507e-05
5,aq_score,AQ,4_nf_daily,Daily familiarity,14,1.75,13.999402233298522,1.7303031985880866,0.2344950776831648,5.6196470670873507e-05
5,aq_score,AQ,4_nf_daily,Daily familiarity,25,1.25,24.84840079537264,1.2645777545794223,0.2344950776831648,5.6196470670873507e-05
5,aq_score,AQ,4_nf_daily,Daily familiarity,21,0.875,20.919190944297402,0.88164506723761304,0.2344950776831648,5.6196470670873507e-05
5,aq_score,AQ,4_nf_daily,Daily familiarity,13,1.25,13.141582490782293,1.2276035929759901,0.2344950776831648,5.6196470670873507e-05
5,aq_score,AQ,4_nf_daily,Daily familiarity,13,-0.125,12.985357698826723,-0.14485498161914109,0.2344950776831648,5.6196470670873507e-05
5,aq_score,AQ,4_nf_daily,Daily familiarity,16,-0.125,16.072189590380216,-0.1375414528364689,0.2344950776831648,5.6196470670873507e-05
5,aq_score,AQ,4_nf_daily,Daily familiarity,22,1,21.882029406201053,0.9941641361016984,0.2344950776831648,5.6196470670873507e-05
5,aq_score,AQ,4_nf_daily,Daily familiarity,17,1.875,17.157438859921015,1.8792664348814236,0.2344950776831648,5.6196470670873507e-05
5,aq_score,AQ,4_nf_daily,Daily familiarity,17,0.625,17.133091037346386,0.60934057913114581,0.2344950776831648,5.6196470670873507e-05
5,aq_score,AQ,4_nf_daily,Daily familiarity,13,2,13.104436229394668,2.0190646718254883,0.2344950776831648,5.6196470670873507e-05
5,aq_score,AQ,4_nf_daily,Daily familiarity,19,-0.375,19.080396202474759,-0.37853625422477,0.2344950776831648,5.6196470670873507e-05
5,aq_score,AQ,4_nf_daily,Daily familiarity,23,-1.625,22.93398010155839,-1.6176257827289378,0.2344950776831648,5.6196470670873507e-05
5,aq_score,AQ,4_nf_daily,Daily familiarity,33,2,32.853477453938211,1.9869452871258664,0.2344950776831648,5.6196470670873507e-05
5,aq_score,AQ,4_nf_daily,Daily familiarity,26,0.625,25.9947762987853,0.64364396641436394,0.2344950776831648,5.6196470670873507e-05
5,aq_score,AQ,4_nf_daily,Daily familiarity,19,-0.25,18.944662482978455,-0.2621535251286583,0.2344950776831648,5.6196470670873507e-05
5,aq_score,AQ,4_nf_daily,Daily familiarity,24,0.75,24.033174443666372,0.729357266275932,0.2344950776831648,5.6196470670873507e-05
5,aq_score,AQ,4_nf_daily,Daily familiarity,16,1.625,16.121412093825452,1.6090755453846868,0.2344950776831648,5.6196470670873507e-05
5,aq_score,AQ,4_nf_daily,Daily familiarity,16,-0.25,15.983006819474086,-0.25024221891454568,0.2344950776831648,5.6196470670873507e-05
5,aq_score,AQ,4_nf_daily,Daily familiarity,15,2.5,14.88982542199799,2.478496971769061,0.2344950776831648,5.6196470670873507e-05
5,aq_score,AQ,4_nf_daily,Daily familiarity,9,0.25,9.0677175044792193,0.26387975277621761,0.2344950776831648,5.6196470670873507e-05
5,aq_score,AQ,4_nf_daily,Daily familiarity,24,-0.875,24.076275630209071,-0.86705134020498942,0.2344950776831648,5.6196470670873507e-05
5,aq_score,AQ,4_nf_daily,Daily familiarity,26,0.375,25.889097299849581,0.37432417862598111,0.2344950776831648,5.6196470670873507e-05
5,aq_score,AQ,4_nf_daily,Daily familiarity,22,1.875,21.884292890349784,1.8630086220465736,0.2344950776831648,5.6196470670873507e-05
5,aq_score,AQ,4_nf_daily,Daily familiarity,23,0.125,23.000191864974283,0.14794044844613899,0.2344950776831648,5.6196470670873507e-05
5,aq_score,AQ,4_nf_daily,Daily familiarity,12,-1,11.849023581539925,-0.97905531669833801,0.2344950776831648,5.6196470670873507e-05
5,aq_score,AQ,4_nf_daily,Daily familiarity,10,1,9.9750246168606953,1.0179184169459019,0.2344950776831648,5.6196470670873507e-05
5,aq_score,AQ,4_nf_daily,Daily familiarity,13,0.125,13.162399853451571,0.1098840104109288,0.2344950776831648,5.6196470670873507e-05
5,aq_score,AQ,4_nf_daily,Daily familiarity,11,0.875,10.996528518349663,0.8510693376903955,0.2344950776831648,5.6196470670873507e-05
5,aq_score,AQ,4_nf_daily,Daily familiarity,32,1.5,31.921577620817256,1.4744206718754296,0.2344950776831648,5.6196470670873507e-05
5,aq_score,AQ,4_nf_daily,Daily familiarity,28,0.75,28.049740181090986,0.74634167128090678,0.2344950776831648,5.6196470670873507e-05
5,aq_score,AQ,4_nf_daily,Daily familiarity,22,1.375,21.892043221066267,1.3485592888177671,0.2344950776831648,5.6196470670873507e-05
5,aq_score,AQ,4_nf_daily,Daily familiarity,14,1,14.12051690093238,0.97977510990610162,0.2344950776831648,5.6196470670873507e-05
5,aq_score,AQ,4_nf_daily,Daily familiarity,15,1.875,14.92776731722909,1.8861961279324859,0.2344950776831648,5.6196470670873507e-05
5,aq_score,AQ,4_nf_daily,Daily familiarity,22,-1.125,22.024594157608817,-1.1408142152189846,0.2344950776831648,5.6196470670873507e-05
5,aq_score,AQ,4_nf_daily,Daily familiarity,15,-0.875,14.988030542897254,-0.87548507217187077,0.2344950776831648,5.6196470670873507e-05
5,aq_score,AQ,4_nf_daily,Daily familiarity,14,-2.25,13.831089126232758,-2.2587450096658395,0.2344950776831648,5.6196470670873507e-05
5,aq_score,AQ,4_nf_daily,Daily familiarity,13,-1.875,13.016394017807796,-1.8973027784226864,0.2344950776831648,5.6196470670873507e-05
5,aq_score,AQ,4_nf_daily,Daily familiarity,22,0.875,22.047696988174952,0.85560022154326498,0.2344950776831648,5.6196470670873507e-05
5,aq_score,AQ,4_nf_daily,Daily familiarity,22,1.25,21.841898856432348,1.2256573512815672,0.2344950776831648,5.6196470670873507e-05
5,aq_score,AQ,4_nf_daily,Daily familiarity,19,0.5,19.129404378794444,0.49141623269307327,0.2344950776831648,5.6196470670873507e-05
5,aq_score,AQ,4_nf_daily,Daily familiarity,17,0,16.920069440032513,0.026415598181792298,0.2344950776831648,5.6196470670873507e-05
5,aq_score,AQ,4_nf_daily,Daily familiarity,17,0.625,17.148930701235386,0.62798567167448782,0.2344950776831648,5.6196470670873507e-05
5,aq_score,AQ,4_nf_daily,Daily familiarity,18,0.5,17.951767825266593,0.47971318000107338,0.2344950776831648,5.6196470670873507e-05
5,aq_score,AQ,4_nf_daily,Daily familiarity,26,1.75,26.140631523439644,1.7562323980089212,0.2344950776831648,5.6196470670873507e-05
5,aq_score,AQ,4_nf_daily,Daily familiarity,12,-0.375,11.974395813247956,-0.37884547072524999,0.2344950776831648,5.6196470670873507e-05
5,aq_score,AQ,4_nf_daily,Daily familiarity,24,3,23.834762093376906,3.012127916274423,0.2344950776831648,5.6196470670873507e-05
5,aq_score,AQ,4_nf_daily,Daily familiarity,22,1.25,22.021123807894998,1.2253121093722279,0.2344950776831648,5.6196470670873507e-05
5,aq_score,AQ,4_nf_daily,Daily familiarity,21,0.125,20.912925551441951,0.1092711901975051,0.2344950776831648,5.6196470670873507e-05
5,aq_score,AQ,4_nf_daily,Daily familiarity,26,0.5,25.921978248462398,0.49778416940720621,0.2344950776831648,5.6196470670873507e-05
5,aq_score,AQ,4_nf_daily,Daily familiarity,24,0,23.930772631817842,-0.0109124581224839,0.2344950776831648,5.6196470670873507e-05
5,aq_score,AQ,4_nf_daily,Daily familiarity,22,-1,21.879910126404884,-1.024156354159967,0.2344950776831648,5.6196470670873507e-05
5,aq_score,AQ,4_nf_daily,Daily familiarity,31,0.125,31.081732443825477,0.098114979224264598,0.2344950776831648,5.6196470670873507e-05
5,aq_score,AQ,4_nf_daily,Daily familiarity,22,1.25,21.906066205256167,1.276954510473385,0.2344950776831648,5.6196470670873507e-05
5,aq_score,AQ,4_nf_daily,Daily familiarity,22,2.125,21.85671626218339,2.1291255147120003,0.2344950776831648,5.6196470670873507e-05
5,aq_score,AQ,4_nf_daily,Daily familiarity,13,-0.125,13.062553443844916,-0.098274561722570999,0.2344950776831648,5.6196470670873507e-05
5,aq_score,AQ,4_nf_daily,Daily familiarity,18,-0.75,17.901682913674041,-0.77379443551581883,0.2344950776831648,5.6196470670873507e-05
5,aq_score,AQ,4_nf_daily,Daily familiarity,31,0.75,30.903002084399898,0.75028340123547055,0.2344950776831648,5.6196470670873507e-05
5,aq_score,AQ,4_nf_daily,Daily familiarity,31,1.625,30.951676369088091,1.6081053463010784,0.2344950776831648,5.6196470670873507e-05
5,aq_score,AQ,4_nf_daily,Daily familiarity,30,0.5,29.872765045497804,0.5205787989466365,0.2344950776831648,5.6196470670873507e-05
5,aq_score,AQ,4_nf_daily,Daily familiarity,21,0.875,21.045543477339681,0.86416202339732962,0.2344950776831648,5.6196470670873507e-05
5,aq_score,AQ,4_nf_daily,Daily familiarity,26,0.625,25.932574822277964,0.62970099447590144,0.2344950776831648,5.6196470670873507e-05
5,aq_score,AQ,4_nf_daily,Daily familiarity,21,0.75,21.039497951476658,0.7667538634137322,0.2344950776831648,5.6196470670873507e-05
5,aq_score,AQ,4_nf_daily,Daily familiarity,21,1.5,21.021257854999305,1.4982590911638676,0.2344950776831648,5.6196470670873507e-05
5,aq_score,AQ,4_nf_daily,Daily familiarity,23,0.125,22.910141983763975,0.135850324642698,0.2344950776831648,5.6196470670873507e-05
5,aq_score,AQ,4_nf_daily,Daily familiarity,34,2.125,34.095358483072488,2.1460898783338873,0.2344950776831648,5.6196470670873507e-05
5,aq_score,AQ,4_nf_daily,Daily familiarity,40,1.125,40.019769298557343,1.1167086557193098,0.2344950776831648,5.6196470670873507e-05
5,aq_score,AQ,4_nf_daily,Daily familiarity,25,1.25,24.979097800847931,1.2362367031526271,0.2344950776831648,5.6196470670873507e-05
5,aq_score,AQ,4_nf_daily,Daily familiarity,12,0.5,12.087917229202974,0.4805567002551559,0.2344950776831648,5.6196470670873507e-05
5,aq_score,AQ,4_nf_daily,Daily familiarity,26,0.375,26.124007342653247,0.39360467248125941,0.2344950776831648,5.6196470670873507e-05
5,aq_score,AQ,4_nf_daily,Daily familiarity,23,1.625,22.865381821602039,1.6182566139497174,0.2344950776831648,5.6196470670873507e-05
5,aq_score,AQ,4_nf_daily,Daily familiarity,22,1.25,22.052650396539573,1.2637024609049976,0.2344950776831648,5.6196470670873507e-05
5,aq_score,AQ,4_nf_daily,Daily familiarity,20,-0.75,19.937060655755396,-0.7501047095678911,0.2344950776831648,5.6196470670873507e-05
5,aq_score,AQ,4_nf_daily,Daily familiarity,23,0.375,23.024246399041367,0.37056242921212018,0.2344950776831648,5.6196470670873507e-05
5,aq_score,AQ,4_nf_daily,Daily familiarity,22,0.75,21.857343448815879,0.76702206442401499,0.2344950776831648,5.6196470670873507e-05
5,aq_score,AQ,4_nf_daily,Daily familiarity,21,-0.375,21.038478893728403,-0.35194100367428421,0.2344950776831648,5.6196470670873507e-05
5,aq_score,AQ,4_nf_daily,Daily familiarity,12,0.5,11.985740868062262,0.47762568893666829,0.2344950776831648,5.6196470670873507e-05
5,aq_score,AQ,4_nf_daily,Daily familiarity,30,2.25,29.98594109116387,2.2317042743058733,0.2344950776831648,5.6196470670873507e-05
5,aq_score,AQ,4_nf_daily,Daily familiarity,30,1.5,29.869057401018615,1.4990320955204286,0.2344950776831648,5.6196470670873507e-05
5,aq_score,AQ,4_nf_daily,Daily familiarity,14,1.25,14.097595523589071,1.2684770403406995,0.2344950776831648,5.6196470670873507e-05
5,aq_score,AQ,4_nf_daily,Daily familiarity,14,-0.125,13.902753616820338,-0.1409895942120257,0.2344950776831648,5.6196470670873507e-05
5,aq_score,AQ,4_nf_daily,Daily familiarity,22,0.375,22.128869089256728,0.37986697703314909,0.2344950776831648,5.6196470670873507e-05
5,aq_score,AQ,4_nf_daily,Daily familiarity,21,1.125,20.872849874162156,1.1096777037990373,0.2344950776831648,5.6196470670873507e-05
5,aq_score,AQ,4_nf_daily,Daily familiarity,20,0.375,19.845739904692039,0.36646895246055677,0.2344950776831648,5.6196470670873507e-05
5,aq_score,AQ,4_nf_daily,Daily familiarity,13,-0.375,13.052098859132006,-0.40146746485762808,0.2344950776831648,5.6196470670873507e-05
5,aq_score,AQ,4_nf_daily,Daily familiarity,24,1.5,23.935741272179719,1.4908963083050943,0.2344950776831648,5.6196470670873507e-05
5,aq_score,AQ,4_nf_daily,Daily familiarity,21,-1.25,21.123336572678294,-1.2706416391241673,0.2344950776831648,5.6196470670873507e-05
5,aq_score,AQ,4_nf_daily,Daily familiarity,25,-0.75,25.130541254701924,-0.75787124643904069,0.2344950776831648,5.6196470670873507e-05
5,aq_score,AQ,4_nf_daily,Daily familiarity,18,0.125,18.041686103858481,0.099047692872428802,0.2344950776831648,5.6196470670873507e-05
5,aq_score,AQ,4_nf_daily,Daily familiarity,27,0.875,27.137662177417056,0.85513116914566234,0.2344950776831648,5.6196470670873507e-05
5,aq_score,AQ,4_nf_daily,Daily familiarity,30,1.125,29.969800129917697,1.1300016022880706,0.2344950776831648,5.6196470670873507e-05
5,aq_score,AQ,4_nf_daily,Daily familiarity,17,0.625,16.886572814850545,0.62625889307174964,0.2344950776831648,5.6196470670873507e-05
2,aq_score,AQ,maemuki_score,Maemuki,19,0.7394296979823296,19.092994445698046,0.72670527382038619,-0.58434206730075533,1.167010523656554e-28
2,aq_score,AQ,maemuki_score,Maemuki,23,0.72462406015037617,22.996277150107865,0.73427850522749838,-0.58434206730075533,1.167010523656554e-28
2,aq_score,AQ,maemuki_score,Maemuki,13,0.89552542973595606,13.12494104134419,0.89158137165179141,-0.58434206730075533,1.167010523656554e-28
2,aq_score,AQ,maemuki_score,Maemuki,20,-0.013510733905470701,19.970645762115399,-0.012104164351851699,-0.58434206730075533,1.167010523656554e-28
2,aq_score,AQ,maemuki_score,Maemuki,28,0.77069251411356676,27.834089553970788,0.78437471282366544,-0.58434206730075533,1.167010523656554e-28
2,aq_score,AQ,maemuki_score,Maemuki,17,1.2506860585807953,16.928207329973525,1.236786876963571,-0.58434206730075533,1.167010523656554e-28
2,aq_score,AQ,maemuki_score,Maemuki,18,1.1594386850965801,17.879365547427266,1.1669739618107422,-0.58434206730075533,1.167010523656554e-28
2,aq_score,AQ,maemuki_score,Maemuki,14,0.42880781499202553,14.097455244680312,0.42120742882402812,-0.58434206730075533,1.167010523656554e-28
2,aq_score,AQ,maemuki_score,Maemuki,30,0.74039423052580955,29.933612372608938,0.74913131955188195,-0.58434206730075533,1.167010523656554e-28
2,aq_score,AQ,maemuki_score,Maemuki,23,0.82424115845168489,23.006601538183883,0.81672532758780192,-0.58434206730075533,1.167010523656554e-28
2,aq_score,AQ,maemuki_score,Maemuki,17,-0.27887078808131438,17.084395269795476,-0.28448669208544741,-0.58434206730075533,1.167010523656554e-28
2,aq_score,AQ,maemuki_score,Maemuki,19,1.1404777727146149,19.103915643732737,1.1357564559877369,-0.58434206730075533,1.167010523656554e-28
2,aq_score,AQ,maemuki_score,Maemuki,12,0.54978449912660443,12.089521698925791,0.53642767269476144,-0.58434206730075533,1.167010523656554e-28
2,aq_score,AQ,maemuki_score,Maemuki,29,0.39190874914559132,29.051487669902205,0.40374509421022198,-0.58434206730075533,1.167010523656554e-28
2,aq_score,AQ,maemuki_score,Maemuki,20,0.66201805017594484,20.04029185306802,0.67251683451123656,-0.58434206730075533,1.167010523656554e-28
2,aq_score,AQ,maemuki_score,Maemuki,13,0.50019588111693369,13.118942123797961,0.50346482180257202,-0.58434206730075533,1.167010523656554e-28
2,aq_score,AQ,maemuki_score,Maemuki,12,0.45196292498924079,12.095005570602533,0.45735883915609882,-0.58434206730075533,1.167010523656554e-28
2,aq_score,AQ,maemuki_score,Maemuki,34,1.007080833396623,34.160285624561723,1.0038909335520314,-0.58434206730075533,1.167010523656554e-28
2,aq_score,AQ,maemuki_score,Maemuki,8,1.0486880078985339,8.1191498338165324,1.0514470130747884,-0.58434206730075533,1.167010523656554e-28
2,aq_score,AQ,maemuki_score,Maemuki,18,1.3724177868914711,18.0937310579897,1.3582808318597872,-0.58434206730075533,1.167010523656554e-28
2,aq_score,AQ,maemuki_score,Maemuki,26,1.6765578719526089,26.130961018707328,1.6630181265248858,-0.58434206730075533,1.167010523656554e-28
2,aq_score,AQ,maemuki_score,Maemuki,22,0.46492272347535502,21.870329109315833,0.4718715484545225,-0.58434206730075533,1.167010523656554e-28
2,aq_score,AQ,maemuki_score,Maemuki,17,0.60863680666312237,16.92656067277148,0.60942321477910644,-0.58434206730075533,1.167010523656554e-28
2,aq_score,AQ,maemuki_score,Maemuki,25,1.1695245057087162,24.97901456491023,1.1547172280567644,-0.58434206730075533,1.167010523656554e-28
3,aq_score,AQ,maemuki_score,Maemuki,22,1.0466051492367283,21.880852129644719,1.0369641022419054,-0.58434206730075533,1.167010523656554e-28
3,aq_score,AQ,maemuki_score,Maemuki,28,-0.1066495152021467,28.122701923253398,-0.1156847965070578,-0.58434206730075533,1.167010523656554e-28
3,aq_score,AQ,maemuki_score,Maemuki,20,0.30279866332497912,20.010328946482218,0.30127690958466907,-0.58434206730075533,1.167010523656554e-28
3,aq_score,AQ,maemuki_score,Maemuki,24,0.88583833320675409,24.09205549106052,0.89820870441554534,-0.58434206730075533,1.167010523656554e-28
3,aq_score,AQ,maemuki_score,Maemuki,16,1.4645170375433532,15.841544620776538,1.4755315030704479,-0.58434206730075533,1.167010523656554e-28
3,aq_score,AQ,maemuki_score,Maemuki,23,0.94085402901192383,22.85859779989465,0.93824694642195339,-0.58434206730075533,1.167010523656554e-28
3,aq_score,AQ,maemuki_score,Maemuki,33,-0.821386167438799,33.138821768426531,-0.82954616166864892,-0.58434206730075533,1.167010523656554e-28
3,aq_score,AQ,maemuki_score,Maemuki,39,0.50588181311865521,38.971497603497575,0.50599848079853726,-0.58434206730075533,1.167010523656554e-28
3,aq_score,AQ,maemuki_score,Maemuki,25,0.70664983164983175,24.920615482628257,0.69798710090903282,-0.58434206730075533,1.167010523656554e-28
3,aq_score,AQ,maemuki_score,Maemuki,33,0.14560644034328241,33.159551328055457,0.13580507750488541,-0.58434206730075533,1.167010523656554e-28
3,aq_score,AQ,maemuki_score,Maemuki,24,0.64112933849775955,24.078383639023965,0.62570784674773727,-0.58434206730075533,1.167010523656554e-28
3,aq_score,AQ,maemuki_score,Maemuki,17,1.513580352396142,16.929830491349254,1.5256633316147947,-0.58434206730075533,1.167010523656554e-28
3,aq_score,AQ,maemuki_score,Maemuki,33,0.34591402749297478,32.892071479547759,0.35485346219698038,-0.58434206730075533,1.167010523656554e-28
3,aq_score,AQ,maemuki_score,Maemuki,26,0.98233557378294223,25.959233069701305,0.96660851981851081,-0.58434206730075533,1.167010523656554e-28
3,aq_score,AQ,maemuki_score,Maemuki,28,0.3558425736057314,27.844304893615689,0.3546135586497266,-0.58434206730075533,1.167010523656554e-28
3,aq_score,AQ,maemuki_score,Maemuki,16,0.76845776056302373,15.880307840311708,0.76251659626833646,-0.58434206730075533,1.167010523656554e-28
3,aq_score,AQ,maemuki_score,Maemuki,32,-0.70272651325282909,32.021008709297107,-0.70018628974617036,-0.58434206730075533,1.167010523656554e-28
3,aq_score,AQ,maemuki_score,Maemuki,25,0.75596946912736385,24.837414043121552,0.75453301493492209,-0.58434206730075533,1.167010523656554e-28
3,aq_score,AQ,maemuki_score,Maemuki,13,0.59528049922786763,13.155681176647899,0.61013289629320266,-0.58434206730075533,1.167010523656554e-28
3,aq_score,AQ,maemuki_score,Maemuki,16,1.1950061390850866,15.993361570859912,1.1948322784134475,-0.58434206730075533,1.167010523656554e-28
3,aq_score,AQ,maemuki_score,Maemuki,27,1.1624765828713195,26.913901713882179,1.1524754868096672,-0.58434206730075533,1.167010523656554e-28
3,aq_score,AQ,maemuki_score,Maemuki,16,0.78146376041112875,15.947063928127042,0.77296897615843163,-0.58434206730075533,1.167010523656554e-28
4,aq_score,AQ,maemuki_score,Maemuki,29,0.95229867598288642,29.074532130502611,0.94267149747358603,-0.58434206730075533,1.167010523656554e-28
4,aq_score,AQ,maemuki_score,Maemuki,21,0.39379667603351809,20.943730788048754,0.40291862141894708,-0.58434206730075533,1.167010523656554e-28
4,aq_score,AQ,maemuki_score,Maemuki,18,1.0137733854839115,17.890581340217366,1.0270775196787256,-0.58434206730075533,1.167010523656554e-28
4,aq_score,AQ,maemuki_score,Maemuki,19,1.4358661806030228,18.931356163600576,1.4461632031032272,-0.58434206730075533,1.167010523656554e-28
4,aq_score,AQ,maemuki_score,Maemuki,34,0.1084760512392091,34.002671310817725,0.11029425203812079,-0.58434206730075533,1.167010523656554e-28
4,aq_score,AQ,maemuki_score,Maemuki,20,0.73471177944862154,20.142020360484629,0.74551233774925507,-0.58434206730075533,1.167010523656554e-28
4,aq_score,AQ,maemuki_score,Maemuki,10,0.86090478722057662,10.119689048905444,0.86610215607792584,-0.58434206730075533,1.167010523656554e-28
4,aq_score,AQ,maemuki_score,Maemuki,18,1.8643518518518516,17.901689807438856,1.8617544009779741,-0.58434206730075533,1.167010523656554e-28
4,aq_score,AQ,maemuki_score,Maemuki,37,-0.0041040100250626004,36.915245821590638,-0.0044097890800170996,-0.58434206730075533,1.167010523656554e-28
4,aq_score,AQ,maemuki_score,Maemuki,5,1.312699994936837,4.9737344069214275,1.3105414771165169,-0.58434206730075533,1.167010523656554e-28
4,aq_score,AQ,maemuki_score,Maemuki,31,-0.506388762309815,31.066557399306131,-0.49152273875688202,-0.58434206730075533,1.167010523656554e-28
4,aq_score,AQ,maemuki_score,Maemuki,7,1.7642401458190933,7.103829079582626,1.7732462267354203,-0.58434206730075533,1.167010523656554e-28
4,aq_score,AQ,maemuki_score,Maemuki,11,1.1467437533227005,10.982969596919316,1.1623832883970333,-0.58434206730075533,1.167010523656554e-28
4,aq_score,AQ,maemuki_score,Maemuki,18,1.3888993316624894,18.122923281814401,1.3800834737855732,-0.58434206730075533,1.167010523656554e-28
4,aq_score,AQ,maemuki_score,Maemuki,13,-0.14218817245133031,12.998096921391856,-0.1535563305360528,-0.58434206730075533,1.167010523656554e-28
4,aq_score,AQ,maemuki_score,Maemuki,20,1.6754987215513533,19.833436047930643,1.6905621407047331,-0.58434206730075533,1.167010523656554e-28
4,aq_score,AQ,maemuki_score,Maemuki,27,1.1840447077289182,27.104441914298931,1.1900258253069329,-0.58434206730075533,1.167010523656554e-28
4,aq_score,AQ,maemuki_score,Maemuki,18,0.55801530341004024,18.164243905156788,0.56663632185372848,-0.58434206730075533,1.167010523656554e-28
4,aq_score,AQ,maemuki_score,Maemuki,30,0.35012911065542651,30.120837001850823,0.35987388792140929,-0.58434206730075533,1.167010523656554e-28
4,aq_score,AQ,maemuki_score,Maemuki,21,1.3415745803903698,21.079876131058175,1.3415974219910889,-0.58434206730075533,1.167010523656554e-28
4,aq_score,AQ,maemuki_score,Maemuki,39,-0.54986614262930056,38.946116857510845,-0.53566060586944053,-0.58434206730075533,1.167010523656554e-28
4,aq_score,AQ,maemuki_score,Maemuki,18,1.9969586213007269,17.912268615063226,2.005761576436357,-0.58434206730075533,1.167010523656554e-28
4,aq_score,AQ,maemuki_score,Maemuki,14,1.3657983342193869,14.048199615181559,1.3630929053713552,-0.58434206730075533,1.167010523656554e-28
4,aq_score,AQ,maemuki_score,Maemuki,25,0.38963918634971262,24.902624701501782,0.3841247698553279,-0.58434206730075533,1.167010523656554e-28
4,aq_score,AQ,maemuki_score,Maemuki,38,-0.42371142502721448,37.916956145317407,-0.42204580680687531,-0.58434206730075533,1.167010523656554e-28
4,aq_score,AQ,maemuki_score,Maemuki,40,0.21929160021265279,39.900938085244022,0.20471761738795871,-0.58434206730075533,1.167010523656554e-28
4,aq_score,AQ,maemuki_score,Maemuki,22,0.044255841624262597,21.947384468480564,0.035030588113221101,-0.58434206730075533,1.167010523656554e-28
4,aq_score,AQ,maemuki_score,Maemuki,19,1.5361446545657071,19.07446234471761,1.5446755620874968,-0.58434206730075533,1.167010523656554e-28
4,aq_score,AQ,maemuki_score,Maemuki,18,0.706487493987494,17.849457427889881,0.69534798472834647,-0.58434206730075533,1.167010523656554e-28
4,aq_score,AQ,maemuki_score,Maemuki,5,0.52205672008303583,4.9398479441444625,0.5205986625150778,-0.58434206730075533,1.167010523656554e-28
4,aq_score,AQ,maemuki_score,Maemuki,38,0.3942656515024936,38.148225881731037,0.38969830890516077,-0.58434206730075533,1.167010523656554e-28
4,aq_score,AQ,maemuki_score,Maemuki,10,0.46542872332346019,9.9501179350993105,0.46548782740154498,-0.58434206730075533,1.167010523656554e-28
4,aq_score,AQ,maemuki_score,Maemuki,16,1.0604456216298319,16.114792732383428,1.0582352276556457,-0.58434206730075533,1.167010523656554e-28
4,aq_score,AQ,maemuki_score,Maemuki,12,1.6024198754461914,12.147741978563211,1.5871250552314524,-0.58434206730075533,1.167010523656554e-28
4,aq_score,AQ,maemuki_score,Maemuki,16,0.65955893521682996,16.115769232629617,0.65215814195397415,-0.58434206730075533,1.167010523656554e-28
4,aq_score,AQ,maemuki_score,Maemuki,26,0.66667109693425486,26.129976108358711,0.67751329507586633,-0.58434206730075533,1.167010523656554e-28
4,aq_score,AQ,maemuki_score,Maemuki,26,0.7129347991190097,25.971571072554251,0.72275081083154069,-0.58434206730075533,1.167010523656554e-28
4,aq_score,AQ,maemuki_score,Maemuki,21,0.64487607908660538,21.152808100963171,0.64202477810369252,-0.58434206730075533,1.167010523656554e-28
4,aq_score,AQ,maemuki_score,Maemuki,12,1.7575824029771401,11.988018218073954,1.7615208492861687,-0.58434206730075533,1.167010523656554e-28
4,aq_score,AQ,maemuki_score,Maemuki,14,1.2649844307739049,13.902885605443036,1.2775025367808983,-0.58434206730075533,1.167010523656554e-28
4,aq_score,AQ,maemuki_score,Maemuki,16,1.2989547732968785,15.969045130771203,1.3006608776410575,-0.58434206730075533,1.167010523656554e-28
4,aq_score,AQ,maemuki_score,Maemuki,23,0.18274410774410771,22.90101087042185,0.1854449391023609,-0.58434206730075533,1.167010523656554e-28
4,aq_score,AQ,maemuki_score,Maemuki,17,1.2636657932710564,16.958258550968566,1.2788912556970884,-0.58434206730075533,1.167010523656554e-28
4,aq_score,AQ,maemuki_score,Maemuki,17,1.6214225589225588,17.047762678089942,1.6295675127258891,-0.58434206730075533,1.167010523656554e-28
4,aq_score,AQ,maemuki_score,Maemuki,25,0.77675628465102142,25.049512749068469,0.77917396210127299,-0.58434206730075533,1.167010523656554e-28
4,aq_score,AQ,maemuki_score,Maemuki,17,1.8048802561960455,16.991531752709459,1.7980364457907003,-0.58434206730075533,1.167010523656554e-28
4,aq_score,AQ,maemuki_score,Maemuki,18,-0.82288328143591316,18.052443966047033,-0.80984427000327752,-0.58434206730075533,1.167010523656554e-28
4,aq_score,AQ,maemuki_score,Maemuki,28,0.57941223007012477,28.081456506588356,0.59249016715179614,-0.58434206730075533,1.167010523656554e-28
4,aq_score,AQ,maemuki_score,Maemuki,22,0.98841738183843442,22.001883744092328,0.97711162345892077,-0.58434206730075533,1.167010523656554e-28
4,aq_score,AQ,maemuki_score,Maemuki,31,-0.61056871977924621,31.159115990020776,-0.61918138470123474,-0.58434206730075533,1.167010523656554e-28
4,aq_score,AQ,maemuki_score,Maemuki,16,1.5123870281765019,15.869266584082778,1.5142132632565652,-0.58434206730075533,1.167010523656554e-28
4,aq_score,AQ,maemuki_score,Maemuki,25,0.35487202855623912,24.879020021854227,0.34706224473667868,-0.58434206730075533,1.167010523656554e-28
4,aq_score,AQ,maemuki_score,Maemuki,26,0.21364522417153989,25.991891452949137,0.22467514732066121,-0.58434206730075533,1.167010523656554e-28
4,aq_score,AQ,maemuki_score,Maemuki,16,1.7291239462292092,16.028639120258152,1.7194756254822885,-0.58434206730075533,1.167010523656554e-28
4,aq_score,AQ,maemuki_score,Maemuki,19,2.110990544543176,19.022212091882121,2.1002564420148677,-0.58434206730075533,1.167010523656554e-28
4,aq_score,AQ,maemuki_score,Maemuki,11,1.7968130553656871,10.948039120243518,1.8015224186292191,-0.58434206730075533,1.167010523656554e-28
4,aq_score,AQ,maemuki_score,Maemuki,13,0.98868288144603922,13.09685150490925,0.97883949612651677,-0.58434206730075533,1.167010523656554e-28
4,aq_score,AQ,maemuki_score,Maemuki,13,0.83221026049973412,12.955519899401841,0.81694725946733771,-0.58434206730075533,1.167010523656554e-28
4,aq_score,AQ,maemuki_score,Maemuki,20,1.0502085390243283,19.929422892141609,1.0384471433852851,-0.58434206730075533,1.167010523656554e-28
4,aq_score,AQ,maemuki_score,Maemuki,22,1.0258623199412673,22.07199111865021,1.0366970666001472,-0.58434206730075533,1.167010523656554e-28
4,aq_score,AQ,maemuki_score,Maemuki,23,0.2014430014430014,22.884306956314138,0.20178976158309381,-0.58434206730075533,1.167010523656554e-28
4,aq_score,AQ,maemuki_score,Maemuki,25,0.32902141717931188,25.051193604289494,0.33527828768254148,-0.58434206730075533,1.167010523656554e-28
4,aq_score,AQ,maemuki_score,Maemuki,15,1.1581355535302906,15.021819534730946,1.1728518083326571,-0.58434206730075533,1.167010523656554e-28
4,aq_score,AQ,maemuki_score,Maemuki,17,1.1600032277663861,16.926203336867328,1.1602253197297481,-0.58434206730075533,1.167010523656554e-28
4,aq_score,AQ,maemuki_score,Maemuki,29,0.2604778992936887,29.004777137512619,0.25937978399005052,-0.58434206730075533,1.167010523656554e-28
4,aq_score,AQ,maemuki_score,Maemuki,32,0.3007917521075415,32.000748982038409,0.30252474370969978,-0.58434206730075533,1.167010523656554e-28
4,aq_score,AQ,maemuki_score,Maemuki,16,1.4618677375256324,15.893700102211016,1.4637091356258012,-0.58434206730075533,1.167010523656554e-28
4,aq_score,AQ,maemuki_score,Maemuki,18,1.162545884914306,17.834597479908183,1.1509557316010193,-0.58434206730075533,1.167010523656554e-28
4,aq_score,AQ,maemuki_score,Maemuki,22,1.0384347864611021,21.859344974206849,1.0397100968907125,-0.58434206730075533,1.167010523656554e-28
4,aq_score,AQ,maemuki_score,Maemuki,11,1.4216241360978203,10.885853639965552,1.4068124281738863,-0.58434206730075533,1.167010523656554e-28
4,aq_score,AQ,maemuki_score,Maemuki,13,1.4423872180451127,12.899439538955084,1.4325812647474381,-0.58434206730075533,1.167010523656554e-28
4,aq_score,AQ,maemuki_score,Maemuki,22,-0.015446760841497599,21.929072726287959,-0.0078532087390122008,-0.58434206730075533,1.167010523656554e-28
4,aq_score,AQ,maemuki_score,Maemuki,12,0.46388509151667051,12.036638705823371,0.47597775632017991,-0.58434206730075533,1.167010523656554e-28
4,aq_score,AQ,maemuki_score,Maemuki,32,0.2707102351839194,31.893411147198432,0.27625803915721781,-0.58434206730075533,1.167010523656554e-28
4,aq_score,AQ,maemuki_score,Maemuki,26,0.45722418419786848,25.975678363285589,0.47056140575040672,-0.58434206730075533,1.167010523656554e-28
4,aq_score,AQ,maemuki_score,Maemuki,25,0.38999170907065639,24.841203144431852,0.3978501630562879,-0.58434206730075533,1.167010523656554e-28
4,aq_score,AQ,maemuki_score,Maemuki,27,0.33597788663578138,27.083403263343989,0.32437163365126109,-0.58434206730075533,1.167010523656554e-28
4,aq_score,AQ,maemuki_score,Maemuki,7,2.1323165869218497,6.8938065998345808,2.126183118876416,-0.58434206730075533,1.167010523656554e-28
4,aq_score,AQ,maemuki_score,Maemuki,15,1.0424081035923145,14.94359191943725,1.0547868206400748,-0.58434206730075533,1.167010523656554e-28
4,aq_score,AQ,maemuki_score,Maemuki,23,1.1997443102706262,23.070586052255042,1.1953402898301111,-0.58434206730075533,1.167010523656554e-28
4,aq_score,AQ,maemuki_score,Maemuki,15,0.84291536923115862,14.892283671396951,0.84207558659852644,-0.58434206730075533,1.167010523656554e-28
4,aq_score,AQ,maemuki_score,Maemuki,10,1.1371898812688288,10.071650304713538,1.1376061658288654,-0.58434206730075533,1.167010523656554e-28
4,aq_score,AQ,maemuki_score,Maemuki,11,1.2484183944710261,10.880232153552868,1.2501026874904773,-0.58434206730075533,1.167010523656554e-28
4,aq_score,AQ,maemuki_score,Maemuki,20,0.32723032328295493,20.05640997730675,0.32779532211291729,-0.58434206730075533,1.167010523656554e-28
4,aq_score,AQ,maemuki_score,Maemuki,28,0.42819422293106502,28.102330251437387,0.42561818336526253,-0.58434206730075533,1.167010523656554e-28
4,aq_score,AQ,maemuki_score,Maemuki,19,0.78630984025720863,18.93604620353517,0.78893350512263916,-0.58434206730075533,1.167010523656554e-28
4,aq_score,AQ,maemuki_score,Maemuki,24,0.87809169388116759,23.924803289505252,0.88659756803933354,-0.58434206730075533,1.167010523656554e-28
4,aq_score,AQ,maemuki_score,Maemuki,22,0.55830959975696814,22.087448690182605,0.55316300007432151,-0.58434206730075533,1.167010523656554e-28
4,aq_score,AQ,maemuki_score,Maemuki,15,0.59023062707273233,15.170826048718585,0.6036144547131771,-0.58434206730075533,1.167010523656554e-28
4,aq_score,AQ,maemuki_score,Maemuki,29,0.79341219209640257,29.1521573002154,0.80120699101116233,-0.58434206730075533,1.167010523656554e-28
4,aq_score,AQ,maemuki_score,Maemuki,12,1.4707399812662971,11.954618042137808,1.4702731032071308,-0.58434206730075533,1.167010523656554e-28
4,aq_score,AQ,maemuki_score,Maemuki,32,0.1798922812080706,32.028453214945152,0.1846972173414014,-0.58434206730075533,1.167010523656554e-28
4,aq_score,AQ,maemuki_score,Maemuki,19,1.2856547935495304,18.954847024185216,1.2975941059594196,-0.58434206730075533,1.167010523656554e-28
4,aq_score,AQ,maemuki_score,Maemuki,20,1.4939688235740869,19.860126846290324,1.4789404836190632,-0.58434206730075533,1.167010523656554e-28
4,aq_score,AQ,maemuki_score,Maemuki,15,1.4896594390015443,14.951081464079232,1.4932374419054153,-0.58434206730075533,1.167010523656554e-28
4,aq_score,AQ,maemuki_score,Maemuki,26,-0.26517651451861979,25.926380059573887,-0.27969083399241829,-0.58434206730075533,1.167010523656554e-28
4,aq_score,AQ,maemuki_score,Maemuki,33,0.22296176046176039,32.883487581910749,0.22622966553054119,-0.58434206730075533,1.167010523656554e-28
4,aq_score,AQ,maemuki_score,Maemuki,23,0.44832599174704441,23.133882318516289,0.4344241918873667,-0.58434206730075533,1.167010523656554e-28
4,aq_score,AQ,maemuki_score,Maemuki,32,-1.0844041922989291,31.845669731163959,-1.0694086208606262,-0.58434206730075533,1.167010523656554e-28
4,aq_score,AQ,maemuki_score,Maemuki,23,0.96815776815776822,22.99821887774949,0.97653687000141476,-0.58434206730075533,1.167010523656554e-28
4,aq_score,AQ,maemuki_score,Maemuki,22,0.7970393154603681,22.121268943555918,0.79645251567974829,-0.58434206730075533,1.167010523656554e-28
4,aq_score,AQ,maemuki_score,Maemuki,13,1.9722601959444064,12.898328909143476,1.9623267909252164,-0.58434206730075533,1.167010523656554e-28
4,aq_score,AQ,maemuki_score,Maemuki,28,1.1094374193058405,28.066662187784189,1.1189987550991169,-0.58434206730075533,1.167010523656554e-28
4,aq_score,AQ,maemuki_score,Maemuki,21,1.4033916862864233,21.039077762017715,1.4093856418035464,-0.58434206730075533,1.167010523656554e-28
4,aq_score,AQ,maemuki_score,Maemuki,19,0.7532486519328625,19.07031696462516,0.74728312523880047,-0.58434206730075533,1.167010523656554e-28
4,aq_score,AQ,maemuki_score,Maemuki,18,1.8590953393584977,18.162076263616999,1.8485961814929883,-0.58434206730075533,1.167010523656554e-28
4,aq_score,AQ,maemuki_score,Maemuki,25,0.64438938254727729,25.028171094815548,0.65238230507612094,-0.58434206730075533,1.167010523656554e-28
4,aq_score,AQ,maemuki_score,Maemuki,21,1.2073618389407863,21.064760552851354,1.2214107473031153,-0.58434206730075533,1.167010523656554e-28
4,aq_score,AQ,maemuki_score,Maemuki,17,1.2563352826510723,16.891501977303662,1.2495469835640105,-0.58434206730075533,1.167010523656554e-28
4,aq_score,AQ,maemuki_score,Maemuki,19,1.2591291992607785,19.03994672494224,1.2613187402931789,-0.58434206730075533,1.167010523656554e-28
4,aq_score,AQ,maemuki_score,Maemuki,18,1.6070042530568849,17.998472500109781,1.6200830227017604,-0.58434206730075533,1.167010523656554e-28
4,aq_score,AQ,maemuki_score,Maemuki,20,1.2706295410242778,19.829000531714691,1.2553329381762821,-0.58434206730075533,1.167010523656554e-28
4,aq_score,AQ,maemuki_score,Maemuki,20,0.78234664945191268,19.958230013755063,0.77076198258600881,-0.58434206730075533,1.167010523656554e-28
4,aq_score,AQ,maemuki_score,Maemuki,33,-0.092306207437786295,33.083282339274199,-0.1039026551458607,-0.58434206730075533,1.167010523656554e-28
4,aq_score,AQ,maemuki_score,Maemuki,24,0.44276379079010658,23.870014933993112,0.43806748049091693,-0.58434206730075533,1.167010523656554e-28
4,aq_score,AQ,maemuki_score,Maemuki,13,1.0052160071896914,12.900966635196422,1.0019836169115834,-0.58434206730075533,1.167010523656554e-28
4,aq_score,AQ,maemuki_score,Maemuki,11,0.95497582339687603,11.016567103235554,0.95260337481436397,-0.58434206730075533,1.167010523656554e-28
4,aq_score,AQ,maemuki_score,Maemuki,22,0.8411733247259563,22.105722077208132,0.83078829602102955,-0.58434206730075533,1.167010523656554e-28
4,aq_score,AQ,maemuki_score,Maemuki,26,-0.23093624212045261,25.924902195319937,-0.22769306682080129,-0.58434206730075533,1.167010523656554e-28
4,aq_score,AQ,maemuki_score,Maemuki,22,0.7867158426368952,21.978864619730786,0.7837076066748353,-0.58434206730075533,1.167010523656554e-28
4,aq_score,AQ,maemuki_score,Maemuki,21,0.1323928508139034,21.13694084107863,0.14258835377641421,-0.58434206730075533,1.167010523656554e-28
4,aq_score,AQ,maemuki_score,Maemuki,15,1.2854598617756512,14.832424643868096,1.2801233412900923,-0.58434206730075533,1.167010523656554e-28
4,aq_score,AQ,maemuki_score,Maemuki,26,-0.0080687830687829996,25.873598599051725,0.00012445819849190001,-0.58434206730075533,1.167010523656554e-28
4,aq_score,AQ,maemuki_score,Maemuki,17,0.71232152350573397,16.885124938105449,0.72639210825693801,-0.58434206730075533,1.167010523656554e-28
4,aq_score,AQ,maemuki_score,Maemuki,9,0.51172343738133219,8.9725064740970577,0.52722379156847943,-0.58434206730075533,1.167010523656554e-28
4,aq_score,AQ,maemuki_score,Maemuki,19,-0.1411935773777879,18.941939257009786,-0.15426788295081589,-0.58434206730075533,1.167010523656554e-28
5,aq_score,AQ,maemuki_score,Maemuki,26,0.62552846763373082,25.847854998856555,0.63351436457001453,-0.58434206730075533,1.167010523656554e-28
5,aq_score,AQ,maemuki_score,Maemuki,11,0.44899717728665101,10.869744218401788,0.4535299882208651,-0.58434206730075533,1.167010523656554e-28
5,aq_score,AQ,maemuki_score,Maemuki,33,0.43980373914584431,33.032854346842001,0.43242108160204362,-0.58434206730075533,1.167010523656554e-28
5,aq_score,AQ,maemuki_score,Maemuki,17,0.75243506493506496,16.843068434674478,0.76097651915920472,-0.58434206730075533,1.167010523656554e-28
5,aq_score,AQ,maemuki_score,Maemuki,23,0.29329352421457688,22.895665805157709,0.3078376796354666,-0.58434206730075533,1.167010523656554e-28
5,aq_score,AQ,maemuki_score,Maemuki,32,0.46176330978962549,31.839981702183721,0.44889142997008302,-0.58434206730075533,1.167010523656554e-28
5,aq_score,AQ,maemuki_score,Maemuki,21,0.70048606364395849,20.986090641999624,0.6984519621141736,-0.58434206730075533,1.167010523656554e-28
5,aq_score,AQ,maemuki_score,Maemuki,43,-0.79237234500392395,43.006034059027357,-0.79546222130028643,-0.58434206730075533,1.167010523656554e-28
5,aq_score,AQ,maemuki_score,Maemuki,34,-0.19829371408318769,33.951963135023945,-0.21150245993907821,-0.58434206730075533,1.167010523656554e-28
5,aq_score,AQ,maemuki_score,Maemuki,13,0.71425090504037869,13.155132250459411,0.70017836118027377,-0.58434206730075533,1.167010523656554e-28
5,aq_score,AQ,maemuki_score,Maemuki,34,-0.24715829978987869,33.91157053523149,-0.26049150096555812,-0.58434206730075533,1.167010523656554e-28
5,aq_score,AQ,maemuki_score,Maemuki,19,0.4262771828561302,18.846307890528276,0.41345328529723208,-0.58434206730075533,1.167010523656554e-28
5,aq_score,AQ,maemuki_score,Maemuki,24,-0.86130192906508696,24.074280973836885,-0.86313848653772085,-0.58434206730075533,1.167010523656554e-28
5,aq_score,AQ,maemuki_score,Maemuki,12,1.0412233234601658,11.986111226449612,1.0563516114439191,-0.58434206730075533,1.167010523656554e-28
5,aq_score,AQ,maemuki_score,Maemuki,15,1.7468579909369384,14.905188721555939,1.7613969922279848,-0.58434206730075533,1.167010523656554e-28
5,aq_score,AQ,maemuki_score,Maemuki,17,1.0651132249816462,16.947985057971085,1.05973670688071,-0.58434206730075533,1.167010523656554e-28
5,aq_score,AQ,maemuki_score,Maemuki,12,1.0697507658033976,12.140343054514265,1.075806029053382,-0.58434206730075533,1.167010523656554e-28
5,aq_score,AQ,maemuki_score,Maemuki,9,1.3146923495607703,8.897888632245408,1.3061739620393928,-0.58434206730075533,1.167010523656554e-28
5,aq_score,AQ,maemuki_score,Maemuki,22,0.70462962962962961,21.857546135818765,0.69758921351347081,-0.58434206730075533,1.167010523656554e-28
5,aq_score,AQ,maemuki_score,Maemuki,30,-0.082004253056884593,30.08560940618511,-0.078535074179803793,-0.58434206730075533,1.167010523656554e-28
5,aq_score,AQ,maemuki_score,Maemuki,29,0.3443118528644844,29.078302011928365,0.33879391814379578,-0.58434206730075533,1.167010523656554e-28
5,aq_score,AQ,maemuki_score,Maemuki,26,0.62416932482721954,25.896898400249153,0.63276882111340516,-0.58434206730075533,1.167010523656554e-28
5,aq_score,AQ,maemuki_score,Maemuki,23,1.0971953241690084,22.950243142993315,1.0871360154147629,-0.58434206730075533,1.167010523656554e-28
5,aq_score,AQ,maemuki_score,Maemuki,25,0.81572270322270313,25.035086588015528,0.80458903054265729,-0.58434206730075533,1.167010523656554e-28
5,aq_score,AQ,maemuki_score,Maemuki,13,0.4648008911166806,13.168629750687757,0.4497580766088472,-0.58434206730075533,1.167010523656554e-28
5,aq_score,AQ,maemuki_score,Maemuki,14,1.2324846206425155,14.162481317904328,1.2231841268655554,-0.58434206730075533,1.167010523656554e-28
5,aq_score,AQ,maemuki_score,Maemuki,28,-0.2454969494443178,28.159177652961603,-0.230079334923429,-0.58434206730075533,1.167010523656554e-28
5,aq_score,AQ,maemuki_score,Maemuki,24,0.56862864231285282,24.039156877675239,0.57380504214971384,-0.58434206730075533,1.167010523656554e-28
5,aq_score,AQ,maemuki_score,Maemuki,11,1.0989126857547911,10.893497352575006,1.0948092184823253,-0.58434206730075533,1.167010523656554e-28
5,aq_score,AQ,maemuki_score,Maemuki,18,1.6386838307890941,17.977591876405917,1.6495852292441586,-0.58434206730075533,1.167010523656554e-28
5,aq_score,AQ,maemuki_score,Maemuki,13,1.3674976582871321,12.992992998247503,1.3627571902503128,-0.58434206730075533,1.167010523656554e-28
5,aq_score,AQ,maemuki_score,Maemuki,32,0.5117803979646085,32.126350304195562,0.51431618474359786,-0.58434206730075533,1.167010523656554e-28
5,aq_score,AQ,maemuki_score,Maemuki,10,1.0637768664084453,10.053797698993328,1.0661231552746568,-0.58434206730075533,1.167010523656554e-28
5,aq_score,AQ,maemuki_score,Maemuki,22,-0.079114136350978401,22.104335068577623,-0.069301647913575098,-0.58434206730075533,1.167010523656554e-28
5,aq_score,AQ,maemuki_score,Maemuki,13,1.9343095744411536,12.835447611179992,1.9462719312343657,-0.58434206730075533,1.167010523656554e-28
5,aq_score,AQ,maemuki_score,Maemuki,23,1.0058909901015165,22.860627316913536,0.99391456188478478,-0.58434206730075533,1.167010523656554e-28
5,aq_score,AQ,maemuki_score,Maemuki,12,1.0437112351586035,12.16576043726104,1.0571377836455769,-0.58434206730075533,1.167010523656554e-28
5,aq_score,AQ,maemuki_score,Maemuki,25,0.013318017265385699,25.136630750586036,0.0026821241590018999,-0.58434206730075533,1.167010523656554e-28
5,aq_score,AQ,maemuki_score,Maemuki,30,0.89290619224829748,30.032090190211267,0.90375745924435602,-0.58434206730075533,1.167010523656554e-28
5,aq_score,AQ,maemuki_score,Maemuki,28,-0.38297353231563758,28.096015978388628,-0.37685768530824942,-0.58434206730075533,1.167010523656554e-28
5,aq_score,AQ,maemuki_score,Maemuki,14,0.44831111870585549,13.999402233298522,0.46310890550172618,-0.58434206730075533,1.167010523656554e-28
5,aq_score,AQ,maemuki_score,Maemuki,25,0.90499670894407735,24.84840079537264,0.91419089425048239,-0.58434206730075533,1.167010523656554e-28
5,aq_score,AQ,maemuki_score,Maemuki,21,0.77611294650768337,20.919190944297402,0.76117920495203439,-0.58434206730075533,1.167010523656554e-28
5,aq_score,AQ,maemuki_score,Maemuki,13,1.4871857674489253,13.141582490782293,1.5025016763469818,-0.58434206730075533,1.167010523656554e-28
5,aq_score,AQ,maemuki_score,Maemuki,13,1.2061757930178982,12.985357698826723,1.2082633706083905,-0.58434206730075533,1.167010523656554e-28
5,aq_score,AQ,maemuki_score,Maemuki,16,0.498358269410901,16.072189590380216,0.48676751440784349,-0.58434206730075533,1.167010523656554e-28
5,aq_score,AQ,maemuki_score,Maemuki,22,1.0490816688185109,21.882029406201053,1.0498381044460925,-0.58434206730075533,1.167010523656554e-28
5,aq_score,AQ,maemuki_score,Maemuki,17,0.58322574112047798,17.157438859921015,0.57950257353204038,-0.58434206730075533,1.167010523656554e-28
5,aq_score,AQ,maemuki_score,Maemuki,17,1.2707697273486749,17.133091037346386,1.25698094169352,-0.58434206730075533,1.167010523656554e-28
5,aq_score,AQ,maemuki_score,Maemuki,13,0.5279110022531075,13.104436229394668,0.54159574395256793,-0.58434206730075533,1.167010523656554e-28
5,aq_score,AQ,maemuki_score,Maemuki,19,1.288112326270221,19.080396202474759,1.2961339291514853,-0.58434206730075533,1.167010523656554e-28
5,aq_score,AQ,maemuki_score,Maemuki,23,0.53353016379332163,22.93398010155839,0.53574711541066289,-0.58434206730075533,1.167010523656554e-28
5,aq_score,AQ,maemuki_score,Maemuki,33,0.56778752436647173,32.853477453938211,0.57805719637671737,-0.58434206730075533,1.167010523656554e-28
5,aq_score,AQ,maemuki_score,Maemuki,26,-0.32091023012075642,25.9947762987853,-0.32172315937498169,-0.58434206730075533,1.167010523656554e-28
5,aq_score,AQ,maemuki_score,Maemuki,19,1.2717896382370066,18.944662482978455,1.2802286162390204,-0.58434206730075533,1.167010523656554e-28
5,aq_score,AQ,maemuki_score,Maemuki,24,0.84998481051112629,24.033174443666372,0.85399955864219523,-0.58434206730075533,1.167010523656554e-28
5,aq_score,AQ,maemuki_score,Maemuki,16,1.2318729272676641,16.121412093825452,1.243182096970336,-0.58434206730075533,1.167010523656554e-28
5,aq_score,AQ,maemuki_score,Maemuki,16,1.3612275638591429,15.983006819474086,1.3630349550825056,-0.58434206730075533,1.167010523656554e-28
5,aq_score,AQ,maemuki_score,Maemuki,15,1.5579662540188854,14.88982542199799,1.5677970169095632,-0.58434206730075533,1.167010523656554e-28
5,aq_score,AQ,maemuki_score,Maemuki,9,1.146104528999266,9.0677175044792193,1.1603795329205988,-0.58434206730075533,1.167010523656554e-28
5,aq_score,AQ,maemuki_score,Maemuki,24,-0.29541214146477301,24.076275630209071,-0.28916677902013321,-0.58434206730075533,1.167010523656554e-28
5,aq_score,AQ,maemuki_score,Maemuki,26,1.0417527404369511,25.889097299849581,1.0467879814200016,-0.58434206730075533,1.167010523656554e-28
5,aq_score,AQ,maemuki_score,Maemuki,22,0.65278157514999624,21.884292890349784,0.66468413236232071,-0.58434206730075533,1.167010523656554e-28
5,aq_score,AQ,maemuki_score,Maemuki,23,0.38146914002177162,23.000191864974283,0.38797512797385098,-0.58434206730075533,1.167010523656554e-28
5,aq_score,AQ,maemuki_score,Maemuki,12,0.69338655983392827,11.849023581539925,0.70463289374881799,-0.58434206730075533,1.167010523656554e-28
5,aq_score,AQ,maemuki_score,Maemuki,10,1.9109747221589328,9.9750246168606953,1.9077995310694047,-0.58434206730075533,1.167010523656554e-28
5,aq_score,AQ,maemuki_score,Maemuki,13,1.4150274676590469,13.162399853451571,1.4107390247065177,-0.58434206730075533,1.167010523656554e-28
5,aq_score,AQ,maemuki_score,Maemuki,11,0.61110763018657754,10.996528518349663,0.59816230764391121,-0.58434206730075533,1.167010523656554e-28
5,aq_score,AQ,maemuki_score,Maemuki,32,0.26447938026885398,31.921577620817256,0.25729775129576238,-0.58434206730075533,1.167010523656554e-28
5,aq_score,AQ,maemuki_score,Maemuki,28,0.33386085162400941,28.049740181090986,0.34828815296229149,-0.58434206730075533,1.167010523656554e-28
5,aq_score,AQ,maemuki_score,Maemuki,22,-0.43764778106883367,21.892043221066267,-0.42792704729468117,-0.58434206730075533,1.167010523656554e-28
5,aq_score,AQ,maemuki_score,Maemuki,14,1.1793017898281055,14.12051690093238,1.1755170015188523,-0.58434206730075533,1.167010523656554e-28
5,aq_score,AQ,maemuki_score,Maemuki,15,1.2739205969469127,14.92776731722909,1.2884070914313797,-0.58434206730075533,1.167010523656554e-28
5,aq_score,AQ,maemuki_score,Maemuki,22,1.6081713121186807,22.024594157608817,1.6062977607571769,-0.58434206730075533,1.167010523656554e-28
5,aq_score,AQ,maemuki_score,Maemuki,15,1.6960703526493002,14.988030542897254,1.710369465001178,-0.58434206730075533,1.167010523656554e-28
5,aq_score,AQ,maemuki_score,Maemuki,14,1.4315700868332446,13.831089126232758,1.4400159601054816,-0.58434206730075533,1.167010523656554e-28
5,aq_score,AQ,maemuki_score,Maemuki,13,1.5066124908230172,13.016394017807796,1.4936649115905518,-0.58434206730075533,1.167010523656554e-28
5,aq_score,AQ,maemuki_score,Maemuki,22,0.81450311384521912,22.047696988174952,0.82749386061204278,-0.58434206730075533,1.167010523656554e-28
5,aq_score,AQ,maemuki_score,Maemuki,22,0.58711646540593909,21.841898856432348,0.58178402539558127,-0.58434206730075533,1.167010523656554e-28
5,aq_score,AQ,maemuki_score,Maemuki,19,1.5477294878610666,19.129404378794444,1.5358920662011482,-0.58434206730075533,1.167010523656554e-28
5,aq_score,AQ,maemuki_score,Maemuki,17,2.4160021265284422,16.920069440032513,2.4226972622276359,-0.58434206730075533,1.167010523656554e-28
5,aq_score,AQ,maemuki_score,Maemuki,17,0.93935596567175517,17.148930701235386,0.94368455048668876,-0.58434206730075533,1.167010523656554e-28
5,aq_score,AQ,maemuki_score,Maemuki,18,0.92229722032353623,17.951767825266593,0.92241634029606956,-0.58434206730075533,1.167010523656554e-28
5,aq_score,AQ,maemuki_score,Maemuki,26,0.52929103060682015,26.140631523439644,0.52355954878775501,-0.58434206730075533,1.167010523656554e-28
5,aq_score,AQ,maemuki_score,Maemuki,12,1.3215890104047998,11.974395813247956,1.3128230611639125,-0.58434206730075533,1.167010523656554e-28
5,aq_score,AQ,maemuki_score,Maemuki,24,1.1277024632287791,23.834762093376906,1.1316435748897016,-0.58434206730075533,1.167010523656554e-28
5,aq_score,AQ,maemuki_score,Maemuki,22,0.088896483633325696,22.021123807894998,0.073348091213143202,-0.58434206730075533,1.167010523656554e-28
5,aq_score,AQ,maemuki_score,Maemuki,21,1.4884025087972459,20.912925551441951,1.4855194478943703,-0.58434206730075533,1.167010523656554e-28
5,aq_score,AQ,maemuki_score,Maemuki,26,0.25537771195665931,25.921978248462398,0.24913887659646319,-0.58434206730075533,1.167010523656554e-28
5,aq_score,AQ,maemuki_score,Maemuki,24,0.1041476798055745,23.930772631817842,0.091530834982599202,-0.58434206730075533,1.167010523656554e-28
5,aq_score,AQ,maemuki_score,Maemuki,22,0.99301441735652285,21.879910126404884,0.97811991634105822,-0.58434206730075533,1.167010523656554e-28
5,aq_score,AQ,maemuki_score,Maemuki,31,-0.22022733601680969,31.081732443825477,-0.23226200438265779,-0.58434206730075533,1.167010523656554e-28
5,aq_score,AQ,maemuki_score,Maemuki,22,0.94007651705020123,21.906066205256167,0.95073304565718719,-0.58434206730075533,1.167010523656554e-28
5,aq_score,AQ,maemuki_score,Maemuki,22,0.62249151920204548,21.85671626218339,0.6348822527753426,-0.58434206730075533,1.167010523656554e-28
5,aq_score,AQ,maemuki_score,Maemuki,13,1.4652524619629883,13.062553443844916,1.4703452047466232,-0.58434206730075533,1.167010523656554e-28
5,aq_score,AQ,maemuki_score,Maemuki,18,0.91052948026632241,17.901682913674041,0.90417290183066656,-0.58434206730075533,1.167010523656554e-28
5,aq_score,AQ,maemuki_score,Maemuki,31,-0.026279397989924302,30.903002084399898,-0.032380664640289998,-0.58434206730075533,1.167010523656554e-28
5,aq_score,AQ,maemuki_score,Maemuki,31,0.60563783195362142,30.951676369088091,0.62005357281413531,-0.58434206730075533,1.167010523656554e-28
5,aq_score,AQ,maemuki_score,Maemuki,30,0.0088798384851016005,29.872765045497804,-0.0049759886197740001,-0.58434206730075533,1.167010523656554e-28
5,aq_score,AQ,maemuki_score,Maemuki,21,0.79141667299562035,21.045543477339681,0.78263823136699007,-0.58434206730075533,1.167010523656554e-28
5,aq_score,AQ,maemuki_score,Maemuki,26,-0.38721709576972729,25.932574822277964,-0.39797906321985288,-0.58434206730075533,1.167010523656554e-28
5,aq_score,AQ,maemuki_score,Maemuki,21,0.1971083010556694,21.039497951476658,0.1870869484568187,-0.58434206730075533,1.167010523656554e-28
5,aq_score,AQ,maemuki_score,Maemuki,21,1.1788024353813826,21.021257854999305,1.1659024223110968,-0.58434206730075533,1.167010523656554e-28
5,aq_score,AQ,maemuki_score,Maemuki,23,1.1147208298524087,22.910141983763975,1.099526259529678,-0.58434206730075533,1.167010523656554e-28
5,aq_score,AQ,maemuki_score,Maemuki,34,0.0122218424850003,34.095358483072488,-0.00031412398215270002,-0.58434206730075533,1.167010523656554e-28
5,aq_score,AQ,maemuki_score,Maemuki,40,1.0451466418571682,40.019769298557343,1.0354042125357628,-0.58434206730075533,1.167010523656554e-28
5,aq_score,AQ,maemuki_score,Maemuki,25,-0.0058596617807143,24.979097800847931,0.0066502735251012003,-0.58434206730075533,1.167010523656554e-28
5,aq_score,AQ,maemuki_score,Maemuki,12,1.239460076960077,12.087917229202974,1.2330657735152466,-0.58434206730075533,1.167010523656554e-28
5,aq_score,AQ,maemuki_score,Maemuki,26,0.8232373863952811,26.124007342653247,0.82070063714875208,-0.58434206730075533,1.167010523656554e-28
5,aq_score,AQ,maemuki_score,Maemuki,23,0.88670603275866433,22.865381821602039,0.87340255588446014,-0.58434206730075533,1.167010523656554e-28
5,aq_score,AQ,maemuki_score,Maemuki,22,0.46556574517100818,22.052650396539573,0.47544662127276488,-0.58434206730075533,1.167010523656554e-28
5,aq_score,AQ,maemuki_score,Maemuki,20,0.92204247993721677,19.937060655755396,0.9255243187378156,-0.58434206730075533,1.167010523656554e-28
5,aq_score,AQ,maemuki_score,Maemuki,23,0.43975279106858051,23.024246399041367,0.44940898242644911,-0.58434206730075533,1.167010523656554e-28
5,aq_score,AQ,maemuki_score,Maemuki,22,0.348085807954229,21.857343448815879,0.35319603772312108,-0.58434206730075533,1.167010523656554e-28
5,aq_score,AQ,maemuki_score,Maemuki,21,0.89855478342320438,21.038478893728403,0.90444965542540678,-0.58434206730075533,1.167010523656554e-28
5,aq_score,AQ,maemuki_score,Maemuki,12,1.6626541100225312,11.985740868062262,1.6541957893334935,-0.58434206730075533,1.167010523656554e-28
5,aq_score,AQ,maemuki_score,Maemuki,30,0.32594871015923649,29.98594109116387,0.31845879962029772,-0.58434206730075533,1.167010523656554e-28
5,aq_score,AQ,maemuki_score,Maemuki,30,-0.0432027037290195,29.869057401018615,-0.043226728359496203,-0.58434206730075533,1.167010523656554e-28
5,aq_score,AQ,maemuki_score,Maemuki,14,0.51584200399989877,14.097595523589071,0.50818619561215039,-0.58434206730075533,1.167010523656554e-28
5,aq_score,AQ,maemuki_score,Maemuki,14,1.5576143641933116,13.902753616820338,1.5627457041348782,-0.58434206730075533,1.167010523656554e-28
5,aq_score,AQ,maemuki_score,Maemuki,22,0.52820688083845979,22.128869089256728,0.52701432063633336,-0.58434206730075533,1.167010523656554e-28
5,aq_score,AQ,maemuki_score,Maemuki,21,0.83587187666135021,20.872849874162156,0.82538483453950784,-0.58434206730075533,1.167010523656554e-28
5,aq_score,AQ,maemuki_score,Maemuki,20,0.62747050707577023,19.845739904692039,0.6286043719709864,-0.58434206730075533,1.167010523656554e-28
5,aq_score,AQ,maemuki_score,Maemuki,13,1.8984968734968737,13.052098859132006,1.9068047006753519,-0.58434206730075533,1.167010523656554e-28
5,aq_score,AQ,maemuki_score,Maemuki,24,1.3094231791600213,23.935741272179719,1.3027612001921689,-0.58434206730075533,1.167010523656554e-28
5,aq_score,AQ,maemuki_score,Maemuki,21,0.45776277815751498,21.123336572678294,0.44678873249434131,-0.58434206730075533,1.167010523656554e-28
5,aq_score,AQ,maemuki_score,Maemuki,25,0.58820820991873624,25.130541254701924,0.57250958961975829,-0.58434206730075533,1.167010523656554e-28
5,aq_score,AQ,maemuki_score,Maemuki,18,1.2148461431356168,18.041686103858481,1.2153140800567286,-0.58434206730075533,1.167010523656554e-28
5,aq_score,AQ,maemuki_score,Maemuki,27,0.43982019442545761,27.137662177417056,0.4261217546916598,-0.58434206730075533,1.167010523656554e-28
5,aq_score,AQ,maemuki_score,Maemuki,30,0.13835504164451529,29.969800129917697,0.12766654011753989,-0.58434206730075533,1.167010523656554e-28
5,aq_score,AQ,maemuki_score,Maemuki,17,1.1903375863902179,16.886572814850545,1.197453503250282,-0.58434206730075533,1.167010523656554e-28
2,4_nf_daily,Daily familiarity,maemuki_score,Maemuki,0.75,0.7394296979823296,0.75156980688047792,0.72670527382038619,-0.21425989452785671,0.00020560019808929999
2,4_nf_daily,Daily familiarity,maemuki_score,Maemuki,0,0.72462406015037617,0.0101672638827377,0.73427850522749838,-0.21425989452785671,0.00020560019808929999
2,4_nf_daily,Daily familiarity,maemuki_score,Maemuki,0.125,0.89552542973595606,0.1084827227208654,0.89158137165179141,-0.21425989452785671,0.00020560019808929999
2,4_nf_daily,Daily familiarity,maemuki_score,Maemuki,0.5,-0.013510733905470701,0.48078108048012103,-0.012104164351851699,-0.21425989452785671,0.00020560019808929999
2,4_nf_daily,Daily familiarity,maemuki_score,Maemuki,1.75,0.77069251411356676,1.7541669886804487,0.78437471282366544,-0.21425989452785671,0.00020560019808929999
2,4_nf_daily,Daily familiarity,maemuki_score,Maemuki,0,1.2506860585807953,0.018423270318646202,1.236786876963571,-0.21425989452785671,0.00020560019808929999
2,4_nf_daily,Daily familiarity,maemuki_score,Maemuki,-0.125,1.1594386850965801,-0.11773965565306869,1.1669739618107422,-0.21425989452785671,0.00020560019808929999
2,4_nf_daily,Daily familiarity,maemuki_score,Maemuki,0,0.42880781499202553,-0.026486806603320999,0.42120742882402812,-0.21425989452785671,0.00020560019808929999
2,4_nf_daily,Daily familiarity,maemuki_score,Maemuki,0.25,0.74039423052580955,0.26543767955931619,0.74913131955188195,-0.21425989452785671,0.00020560019808929999
2,4_nf_daily,Daily familiarity,maemuki_score,Maemuki,0.875,0.82424115845168489,0.87141620534998609,0.81672532758780192,-0.21425989452785671,0.00020560019808929999
2,4_nf_daily,Daily familiarity,maemuki_score,Maemuki,1.125,-0.27887078808131438,1.1263492343676764,-0.28448669208544741,-0.21425989452785671,0.00020560019808929999
2,4_nf_daily,Daily familiarity,maemuki_score,Maemuki,0.5,1.1404777727146149,0.48121280837915748,1.1357564559877369,-0.21425989452785671,0.00020560019808929999
2,4_nf_daily,Daily familiarity,maemuki_score,Maemuki,0.75,0.54978449912660443,0.74222195512570732,0.53642767269476144,-0.21425989452785671,0.00020560019808929999
2,4_nf_daily,Daily familiarity,maemuki_score,Maemuki,2.75,0.39190874914559132,2.7589523686736732,0.40374509421022198,-0.21425989452785671,0.00020560019808929999
2,4_nf_daily,Daily familiarity,maemuki_score,Maemuki,1.5,0.66201805017594484,1.5184372217253543,0.67251683451123656,-0.21425989452785671,0.00020560019808929999
2,4_nf_daily,Daily familiarity,maemuki_score,Maemuki,0.625,0.50019588111693369,0.62322169350267642,0.50346482180257202,-0.21425989452785671,0.00020560019808929999
2,4_nf_daily,Daily familiarity,maemuki_score,Maemuki,-0.875,0.45196292498924079,-0.8720541348429286,0.45735883915609882,-0.21425989452785671,0.00020560019808929999
2,4_nf_daily,Daily familiarity,maemuki_score,Maemuki,1.125,1.007080833396623,1.1367010175114951,1.0038909335520314,-0.21425989452785671,0.00020560019808929999
2,4_nf_daily,Daily familiarity,maemuki_score,Maemuki,-1,1.0486880078985339,-0.98635083878419538,1.0514470130747884,-0.21425989452785671,0.00020560019808929999
2,4_nf_daily,Daily familiarity,maemuki_score,Maemuki,-0.25,1.3724177868914711,-0.23663513542710651,1.3582808318597872,-0.21425989452785671,0.00020560019808929999
2,4_nf_daily,Daily familiarity,maemuki_score,Maemuki,-0.5,1.6765578719526089,-0.49936160465769269,1.6630181265248858,-0.21425989452785671,0.00020560019808929999
2,4_nf_daily,Daily familiarity,maemuki_score,Maemuki,-0.5,0.46492272347535502,-0.52167806690846219,0.4718715484545225,-0.21425989452785671,0.00020560019808929999
2,4_nf_daily,Daily familiarity,maemuki_score,Maemuki,0,0.60863680666312237,-0.010856027740226599,0.60942321477910644,-0.21425989452785671,0.00020560019808929999
2,4_nf_daily,Daily familiarity,maemuki_score,Maemuki,2.375,1.1695245057087162,2.3675305060165353,1.1547172280567644,-0.21425989452785671,0.00020560019808929999
3,4_nf_daily,Daily familiarity,maemuki_score,Maemuki,0.875,1.0466051492367283,0.89036773880905085,1.0369641022419054,-0.21425989452785671,0.00020560019808929999
3,4_nf_daily,Daily familiarity,maemuki_score,Maemuki,1.5,-0.1066495152021467,1.4759577800575607,-0.1156847965070578,-0.21425989452785671,0.00020560019808929999
3,4_nf_daily,Daily familiarity,maemuki_score,Maemuki,0.125,0.30279866332497912,0.1458302100236045,0.30127690958466907,-0.21425989452785671,0.00020560019808929999
3,4_nf_daily,Daily familiarity,maemuki_score,Maemuki,0.75,0.88583833320675409,0.77361269374586183,0.89820870441554534,-0.21425989452785671,0.00020560019808929999
3,4_nf_daily,Daily familiarity,maemuki_score,Maemuki,-0.875,1.4645170375433532,-0.87096855205540036,1.4755315030704479,-0.21425989452785671,0.00020560019808929999
3,4_nf_daily,Daily familiarity,maemuki_score,Maemuki,0.625,0.94085402901192383,0.64909330254294328,0.93824694642195339,-0.21425989452785671,0.00020560019808929999
3,4_nf_daily,Daily familiarity,maemuki_score,Maemuki,0.5,-0.821386167438799,0.4785992775957883,-0.82954616166864892,-0.21425989452785671,0.00020560019808929999
3,4_nf_daily,Daily familiarity,maemuki_score,Maemuki,1.5,0.50588181311865521,1.4828834789025946,0.50599848079853726,-0.21425989452785671,0.00020560019808929999
3,4_nf_daily,Daily familiarity,maemuki_score,Maemuki,-0.875,0.70664983164983175,-0.88574274513906026,0.69798710090903282,-0.21425989452785671,0.00020560019808929999
3,4_nf_daily,Daily familiarity,maemuki_score,Maemuki,2,0.14560644034328241,2.009075133169516,0.13580507750488541,-0.21425989452785671,0.00020560019808929999
3,4_nf_daily,Daily familiarity,maemuki_score,Maemuki,1.875,0.64112933849775955,1.8996636906898152,0.62570784674773727,-0.21425989452785671,0.00020560019808929999
3,4_nf_daily,Daily familiarity,maemuki_score,Maemuki,-1.625,1.513580352396142,-1.6393387745935684,1.5256633316147947,-0.21425989452785671,0.00020560019808929999
3,4_nf_daily,Daily familiarity,maemuki_score,Maemuki,0,0.34591402749297478,0.0088382316327997,0.35485346219698038,-0.21425989452785671,0.00020560019808929999
3,4_nf_daily,Daily familiarity,maemuki_score,Maemuki,1.5,0.98233557378294223,1.5199895018607756,0.96660851981851081,-0.21425989452785671,0.00020560019808929999
3,4_nf_daily,Daily familiarity,maemuki_score,Maemuki,0.5,0.3558425736057314,0.52571390945285223,0.3546135586497266,-0.21425989452785671,0.00020560019808929999
3,4_nf_daily,Daily familiarity,maemuki_score,Maemuki,0.625,0.76845776056302373,0.62754097808819398,0.76251659626833646,-0.21425989452785671,0.00020560019808929999
3,4_nf_daily,Daily familiarity,maemuki_score,Maemuki,-0.75,-0.70272651325282909,-0.75342181866952096,-0.70018628974617036,-0.21425989452785671,0.00020560019808929999
3,4_nf_daily,Daily familiarity,maemuki_score,Maemuki,0,0.75596946912736385,-0.0024707278946312999,0.75453301493492209,-0.21425989452785671,0.00020560019808929999
3,4_nf_daily,Daily familiarity,maemuki_score,Maemuki,0.875,0.59528049922786763,0.85667325483181089,0.61013289629320266,-0.21425989452785671,0.00020560019808929999
3,4_nf_daily,Daily familiarity,maemuki_score,Maemuki,-0.625,1.1950061390850866,-0.61333783470454561,1.1948322784134475,-0.21425989452785671,0.00020560019808929999
3,4_nf_daily,Daily familiarity,maemuki_score,Maemuki,0.375,1.1624765828713195,0.37560757034850362,1.1524754868096672,-0.21425989452785671,0.00020560019808929999
3,4_nf_daily,Daily familiarity,maemuki_score,Maemuki,0.125,0.78146376041112875,0.14642764325545801,0.77296897615843163,-0.21425989452785671,0.00020560019808929999
4,4_nf_daily,Daily familiarity,maemuki_score,Maemuki,0.375,0.95229867598288642,0.38969593310374939,0.94267149747358603,-0.21425989452785671,0.00020560019808929999
4,4_nf_daily,Daily familiarity,maemuki_score,Maemuki,-0.375,0.39379667603351809,-0.39993963717235748,0.40291862141894708,-0.21425989452785671,0.00020560019808929999
4,4_nf_daily,Daily familiarity,maemuki_score,Maemuki,2.25,1.0137733854839115,2.2758521097613378,1.0270775196787256,-0.21425989452785671,0.00020560019808929999
4,4_nf_daily,Daily familiarity,maemuki_score,Maemuki,0.625,1.4358661806030228,0.62228963996139153,1.4461632031032272,-0.21425989452785671,0.00020560019808929999
4,4_nf_daily,Daily familiarity,maemuki_score,Maemuki,1.375,0.1084760512392091,1.3955838881557574,0.11029425203812079,-0.21425989452785671,0.00020560019808929999
4,4_nf_daily,Daily familiarity,maemuki_score,Maemuki,-0.5,0.73471177944862154,-0.51295223248099664,0.74551233774925507,-0.21425989452785671,0.00020560019808929999
4,4_nf_daily,Daily familiarity,maemuki_score,Maemuki,0.25,0.86090478722057662,0.27462783641138527,0.86610215607792584,-0.21425989452785671,0.00020560019808929999
4,4_nf_daily,Daily familiarity,maemuki_score,Maemuki,0.625,1.8643518518518516,0.59844890797174843,1.8617544009779741,-0.21425989452785671,0.00020560019808929999
4,4_nf_daily,Daily familiarity,maemuki_score,Maemuki,1,-0.0041040100250626004,1.0251919242556675,-0.0044097890800170996,-0.21425989452785671,0.00020560019808929999
4,4_nf_daily,Daily familiarity,maemuki_score,Maemuki,-0.5,1.312699994936837,-0.4798642536528942,1.3105414771165169,-0.21425989452785671,0.00020560019808929999
4,4_nf_daily,Daily familiarity,maemuki_score,Maemuki,1.5,-0.506388762309815,1.4795875861906096,-0.49152273875688202,-0.21425989452785671,0.00020560019808929999
4,4_nf_daily,Daily familiarity,maemuki_score,Maemuki,-0.75,1.7642401458190933,-0.75508710271708102,1.7732462267354203,-0.21425989452785671,0.00020560019808929999
4,4_nf_daily,Daily familiarity,maemuki_score,Maemuki,-1,1.1467437533227005,-0.99677630510610715,1.1623832883970333,-0.21425989452785671,0.00020560019808929999
4,4_nf_daily,Daily familiarity,maemuki_score,Maemuki,1.375,1.3888993316624894,1.3797694253049542,1.3800834737855732,-0.21425989452785671,0.00020560019808929999
4,4_nf_daily,Daily familiarity,maemuki_score,Maemuki,2.125,-0.14218817245133031,2.1245103954250686,-0.1535563305360528,-0.21425989452785671,0.00020560019808929999
4,4_nf_daily,Daily familiarity,maemuki_score,Maemuki,0.875,1.6754987215513533,0.85625609612953202,1.6905621407047331,-0.21425989452785671,0.00020560019808929999
4,4_nf_daily,Daily familiarity,maemuki_score,Maemuki,2,1.1840447077289182,1.9996119057039448,1.1900258253069329,-0.21425989452785671,0.00020560019808929999
4,4_nf_daily,Daily familiarity,maemuki_score,Maemuki,1.5,0.55801530341004024,1.5073006335380239,0.56663632185372848,-0.21425989452785671,0.00020560019808929999
4,4_nf_daily,Daily familiarity,maemuki_score,Maemuki,0.75,0.35012911065542651,0.76359695940958938,0.35987388792140929,-0.21425989452785671,0.00020560019808929999
4,4_nf_daily,Daily familiarity,maemuki_score,Maemuki,2.625,1.3415745803903698,2.6204379690451747,1.3415974219910889,-0.21425989452785671,0.00020560019808929999
4,4_nf_daily,Daily familiarity,maemuki_score,Maemuki,0.375,-0.54986614262930056,0.36816062335761179,-0.53566060586944053,-0.21425989452785671,0.00020560019808929999
4,4_nf_daily,Daily familiarity,maemuki_score,Maemuki,-0.25,1.9969586213007269,-0.24083864199957331,2.005761576436357,-0.21425989452785671,0.00020560019808929999
4,4_nf_daily,Daily familiarity,maemuki_score,Maemuki,1,1.3657983342193869,0.9968416910222736,1.3630929053713552,-0.21425989452785671,0.00020560019808929999
4,4_nf_daily,Daily familiarity,maemuki_score,Maemuki,-0.375,0.38963918634971262,-0.39482819710336892,0.3841247698553279,-0.21425989452785671,0.00020560019808929999
4,4_nf_daily,Daily familiarity,maemuki_score,Maemuki,-0.625,-0.42371142502721448,-0.60851659611738163,-0.42204580680687531,-0.21425989452785671,0.00020560019808929999
4,4_nf_daily,Daily familiarity,maemuki_score,Maemuki,1.25,0.21929160021265279,1.2729040544235759,0.20471761738795871,-0.21425989452785671,0.00020560019808929999
4,4_nf_daily,Daily familiarity,maemuki_score,Maemuki,1,0.044255841624262597,0.9901088098054468,0.035030588113221101,-0.21425989452785671,0.00020560019808929999
4,4_nf_daily,Daily familiarity,maemuki_score,Maemuki,-0.5,1.5361446545657071,-0.5068365343094775,1.5446755620874968,-0.21425989452785671,0.00020560019808929999
4,4_nf_daily,Daily familiarity,maemuki_score,Maemuki,0.125,0.706487493987494,0.138142849042899,0.69534798472834647,-0.21425989452785671,0.00020560019808929999
4,4_nf_daily,Daily familiarity,maemuki_score,Maemuki,1.5,0.52205672008303583,1.4840961867754756,0.5205986625150778,-0.21425989452785671,0.00020560019808929999
4,4_nf_daily,Daily familiarity,maemuki_score,Maemuki,1.125,0.3942656515024936,1.1276465105627558,0.38969830890516077,-0.21425989452785671,0.00020560019808929999
4,4_nf_daily,Daily familiarity,maemuki_score,Maemuki,0.875,0.46542872332346019,0.87534508561640467,0.46548782740154498,-0.21425989452785671,0.00020560019808929999
4,4_nf_daily,Daily familiarity,maemuki_score,Maemuki,1,1.0604456216298319,1.011437412236744,1.0582352276556457,-0.21425989452785671,0.00020560019808929999
4,4_nf_daily,Daily familiarity,maemuki_score,Maemuki,0.5,1.6024198754461914,0.4745257902742534,1.5871250552314524,-0.21425989452785671,0.00020560019808929999
4,4_nf_daily,Daily familiarity,maemuki_score,Maemuki,0,0.65955893521682996,-0.021784391277845198,0.65215814195397415,-0.21425989452785671,0.00020560019808929999
4,4_nf_daily,Daily familiarity,maemuki_score,Maemuki,2.5,0.66667109693425486,2.5267249454172531,0.67751329507586633,-0.21425989452785671,0.00020560019808929999
4,4_nf_daily,Daily familiarity,maemuki_score,Maemuki,0.375,0.7129347991190097,0.35954755836809571,0.72275081083154069,-0.21425989452785671,0.00020560019808929999
4,4_nf_daily,Daily familiarity,maemuki_score,Maemuki,2,0.64487607908660538,1.9965305495323875,0.64202477810369252,-0.21425989452785671,0.00020560019808929999
4,4_nf_daily,Daily familiarity,maemuki_score,Maemuki,-0.625,1.7575824029771401,-0.60738944861168909,1.7615208492861687,-0.21425989452785671,0.00020560019808929999
4,4_nf_daily,Daily familiarity,maemuki_score,Maemuki,0.125,1.2649844307739049,0.12192428146015399,1.2775025367808983,-0.21425989452785671,0.00020560019808929999
4,4_nf_daily,Daily familiarity,maemuki_score,Maemuki,0,1.2989547732968785,0.018119425729950001,1.3006608776410575,-0.21425989452785671,0.00020560019808929999
4,4_nf_daily,Daily familiarity,maemuki_score,Maemuki,0.375,0.18274410774410771,0.38058558040178969,0.1854449391023609,-0.21425989452785671,0.00020560019808929999
4,4_nf_daily,Daily familiarity,maemuki_score,Maemuki,0.875,1.2636657932710564,0.8665853290559058,1.2788912556970884,-0.21425989452785671,0.00020560019808929999
4,4_nf_daily,Daily familiarity,maemuki_score,Maemuki,0.125,1.6214225589225588,0.121588949554682,1.6295675127258891,-0.21425989452785671,0.00020560019808929999
4,4_nf_daily,Daily familiarity,maemuki_score,Maemuki,0.5,0.77675628465102142,0.48537217842106961,0.77917396210127299,-0.21425989452785671,0.00020560019808929999
4,4_nf_daily,Daily familiarity,maemuki_score,Maemuki,3,1.8048802561960455,2.9778111502151741,1.7980364457907003,-0.21425989452785671,0.00020560019808929999
4,4_nf_daily,Daily familiarity,maemuki_score,Maemuki,0.75,-0.82288328143591316,0.77013811225132878,-0.80984427000327752,-0.21425989452785671,0.00020560019808929999
4,4_nf_daily,Daily familiarity,maemuki_score,Maemuki,-0.25,0.57941223007012477,-0.23482444196436919,0.59249016715179614,-0.21425989452785671,0.00020560019808929999
4,4_nf_daily,Daily familiarity,maemuki_score,Maemuki,2.125,0.98841738183843442,2.1133444787895743,0.97711162345892077,-0.21425989452785671,0.00020560019808929999
4,4_nf_daily,Daily familiarity,maemuki_score,Maemuki,-0.625,-0.61056871977924621,-0.61598335502839108,-0.61918138470123474,-0.21425989452785671,0.00020560019808929999
4,4_nf_daily,Daily familiarity,maemuki_score,Maemuki,1.875,1.5123870281765019,1.901834926173664,1.5142132632565652,-0.21425989452785671,0.00020560019808929999
4,4_nf_daily,Daily familiarity,maemuki_score,Maemuki,-0.875,0.35487202855623912,-0.90062336075375815,0.34706224473667868,-0.21425989452785671,0.00020560019808929999
4,4_nf_daily,Daily familiarity,maemuki_score,Maemuki,-0.25,0.21364522417153989,-0.25363144250349101,0.22467514732066121,-0.21425989452785671,0.00020560019808929999
4,4_nf_daily,Daily familiarity,maemuki_score,Maemuki,-0.375,1.7291239462292092,-0.39071434546472061,1.7194756254822885,-0.21425989452785671,0.00020560019808929999
4,4_nf_daily,Daily familiarity,maemuki_score,Maemuki,0.375,2.110990544543176,0.37465342526015089,2.1002564420148677,-0.21425989452785671,0.00020560019808929999
4,4_nf_daily,Daily familiarity,maemuki_score,Maemuki,1.125,1.7968130553656871,1.1157044239107978,1.8015224186292191,-0.21425989452785671,0.00020560019808929999
4,4_nf_daily,Daily familiarity,maemuki_score,Maemuki,0.25,0.98868288144603922,0.271983917884766,0.97883949612651677,-0.21425989452785671,0.00020560019808929999
4,4_nf_daily,Daily familiarity,maemuki_score,Maemuki,0.125,0.83221026049973412,0.1243494080250182,0.81694725946733771,-0.21425989452785671,0.00020560019808929999
4,4_nf_daily,Daily familiarity,maemuki_score,Maemuki,1.375,1.0502085390243283,1.3564609277695976,1.0384471433852851,-0.21425989452785671,0.00020560019808929999
4,4_nf_daily,Daily familiarity,maemuki_score,Maemuki,0.875,1.0258623199412673,0.86684732598941794,1.0366970666001472,-0.21425989452785671,0.00020560019808929999
4,4_nf_daily,Daily familiarity,maemuki_score,Maemuki,0.25,0.2014430014430014,0.2437424955243431,0.20178976158309381,-0.21425989452785671,0.00020560019808929999
4,4_nf_daily,Daily familiarity,maemuki_score,Maemuki,1.5,0.32902141717931188,1.4866404748859725,0.33527828768254148,-0.21425989452785671,0.00020560019808929999
4,4_nf_daily,Daily familiarity,maemuki_score,Maemuki,0.5,1.1581355535302906,0.4822439039042507,1.1728518083326571,-0.21425989452785671,0.00020560019808929999
4,4_nf_daily,Daily familiarity,maemuki_score,Maemuki,1.625,1.1600032277663861,1.6447556074693646,1.1602253197297481,-0.21425989452785671,0.00020560019808929999
4,4_nf_daily,Daily familiarity,maemuki_score,Maemuki,0.5,0.2604778992936887,0.4818269151313912,0.25937978399005052,-0.21425989452785671,0.00020560019808929999
4,4_nf_daily,Daily familiarity,maemuki_score,Maemuki,1.875,0.3007917521075415,1.877540286293196,0.30252474370969978,-0.21425989452785671,0.00020560019808929999
4,4_nf_daily,Daily familiarity,maemuki_score,Maemuki,0.625,1.4618677375256324,0.6480998625705835,1.4637091356258012,-0.21425989452785671,0.00020560019808929999
4,4_nf_daily,Daily familiarity,maemuki_score,Maemuki,1.5,1.162545884914306,1.5079881663545691,1.1509557316010193,-0.21425989452785671,0.00020560019808929999
4,4_nf_daily,Daily familiarity,maemuki_score,Maemuki,1.125,1.0384347864611021,1.137043541241572,1.0397100968907125,-0.21425989452785671,0.00020560019808929999
4,4_nf_daily,Daily familiarity,maemuki_score,Maemuki,0.375,1.4216241360978203,0.36064003196945349,1.4068124281738863,-0.21425989452785671,0.00020560019808929999
4,4_nf_daily,Daily familiarity,maemuki_score,Maemuki,-0.25,1.4423872180451127,-0.27398322557756588,1.4325812647474381,-0.21425989452785671,0.00020560019808929999
4,4_nf_daily,Daily familiarity,maemuki_score,Maemuki,1.625,-0.015446760841497599,1.6296690629016193,-0.0078532087390122008,-0.21425989452785671,0.00020560019808929999
4,4_nf_daily,Daily familiarity,maemuki_score,Maemuki,-0.375,0.46388509151667051,-0.37115915082733969,0.47597775632017991,-0.21425989452785671,0.00020560019808929999
4,4_nf_daily,Daily familiarity,maemuki_score,Maemuki,0.25,0.2707102351839194,0.26013426738284717,0.27625803915721781,-0.21425989452785671,0.00020560019808929999
4,4_nf_daily,Daily familiarity,maemuki_score,Maemuki,0.875,0.45722418419786848,0.89274067672754009,0.47056140575040672,-0.21425989452785671,0.00020560019808929999
4,4_nf_daily,Daily familiarity,maemuki_score,Maemuki,0,0.38999170907065639,-0.014209609261574,0.3978501630562879,-0.21425989452785671,0.00020560019808929999
4,4_nf_daily,Daily familiarity,maemuki_score,Maemuki,0.375,0.33597788663578138,0.40076441461906581,0.32437163365126109,-0.21425989452785671,0.00020560019808929999
4,4_nf_daily,Daily familiarity,maemuki_score,Maemuki,-0.625,2.1323165869218497,-0.64699392163757585,2.126183118876416,-0.21425989452785671,0.00020560019808929999
4,4_nf_daily,Daily familiarity,maemuki_score,Maemuki,-0.125,1.0424081035923145,-0.11977421625659559,1.0547868206400748,-0.21425989452785671,0.00020560019808929999
4,4_nf_daily,Daily familiarity,maemuki_score,Maemuki,-0.75,1.1997443102706262,-0.77253066127284409,1.1953402898301111,-0.21425989452785671,0.00020560019808929999
4,4_nf_daily,Daily familiarity,maemuki_score,Maemuki,-1.125,0.84291536923115862,-1.1399596746887866,0.84207558659852644,-0.21425989452785671,0.00020560019808929999
4,4_nf_daily,Daily familiarity,maemuki_score,Maemuki,-0.25,1.1371898812688288,-0.2762782990477976,1.1376061658288654,-0.21425989452785671,0.00020560019808929999
4,4_nf_daily,Daily familiarity,maemuki_score,Maemuki,-1.625,1.2484183944710261,-1.629116280975099,1.2501026874904773,-0.21425989452785671,0.00020560019808929999
4,4_nf_daily,Daily familiarity,maemuki_score,Maemuki,-1.5,0.32723032328295493,-1.4736004172992436,0.32779532211291729,-0.21425989452785671,0.00020560019808929999
4,4_nf_daily,Daily familiarity,maemuki_score,Maemuki,1,0.42819422293106502,1.0121281266912838,0.42561818336526253,-0.21425989452785671,0.00020560019808929999
4,4_nf_daily,Daily familiarity,maemuki_score,Maemuki,2.5,0.78630984025720863,2.480768630470735,0.78893350512263916,-0.21425989452785671,0.00020560019808929999
4,4_nf_daily,Daily familiarity,maemuki_score,Maemuki,-1.375,0.87809169388116759,-1.3555822361046621,0.88659756803933354,-0.21425989452785671,0.00020560019808929999
4,4_nf_daily,Daily familiarity,maemuki_score,Maemuki,0.25,0.55830959975696814,0.25245064812950568,0.55316300007432151,-0.21425989452785671,0.00020560019808929999
4,4_nf_daily,Daily familiarity,maemuki_score,Maemuki,-0.875,0.59023062707273233,-0.88604449852461298,0.6036144547131771,-0.21425989452785671,0.00020560019808929999
4,4_nf_daily,Daily familiarity,maemuki_score,Maemuki,1,0.79341219209640257,0.99459879786744865,0.80120699101116233,-0.21425989452785671,0.00020560019808929999
4,4_nf_daily,Daily familiarity,maemuki_score,Maemuki,-3,1.4707399812662971,-3.0197366542681969,1.4702731032071308,-0.21425989452785671,0.00020560019808929999
4,4_nf_daily,Daily familiarity,maemuki_score,Maemuki,0.625,0.1798922812080706,0.62038154661474876,0.1846972173414014,-0.21425989452785671,0.00020560019808929999
4,4_nf_daily,Daily familiarity,maemuki_score,Maemuki,-0.25,1.2856547935495304,-0.25488819191228329,1.2975941059594196,-0.21425989452785671,0.00020560019808929999
4,4_nf_daily,Daily familiarity,maemuki_score,Maemuki,1.125,1.4939688235740869,1.1124276504618691,1.4789404836190632,-0.21425989452785671,0.00020560019808929999
4,4_nf_daily,Daily familiarity,maemuki_score,Maemuki,0,1.4896594390015443,0.0020464908142806002,1.4932374419054153,-0.21425989452785671,0.00020560019808929999
4,4_nf_daily,Daily familiarity,maemuki_score,Maemuki,0.25,-0.26517651451861979,0.2513715514346726,-0.27969083399241829,-0.21425989452785671,0.00020560019808929999
4,4_nf_daily,Daily familiarity,maemuki_score,Maemuki,3,0.22296176046176039,3.0078894020687241,0.22622966553054119,-0.21425989452785671,0.00020560019808929999
4,4_nf_daily,Daily familiarity,maemuki_score,Maemuki,1.875,0.44832599174704441,1.8927341893442664,0.4344241918873667,-0.21425989452785671,0.00020560019808929999
4,4_nf_daily,Daily familiarity,maemuki_score,Maemuki,0,-1.0844041922989291,-0.023965380545802099,-1.0694086208606262,-0.21425989452785671,0.00020560019808929999
4,4_nf_daily,Daily familiarity,maemuki_score,Maemuki,-0.125,0.96815776815776822,-0.1135919794476247,0.97653687000141476,-0.21425989452785671,0.00020560019808929999
4,4_nf_daily,Daily familiarity,maemuki_score,Maemuki,2.25,0.7970393154603681,2.2660801522866048,0.79645251567974829,-0.21425989452785671,0.00020560019808929999
4,4_nf_daily,Daily familiarity,maemuki_score,Maemuki,0.5,1.9722601959444064,0.50297924596856536,1.9623267909252164,-0.21425989452785671,0.00020560019808929999
4,4_nf_daily,Daily familiarity,maemuki_score,Maemuki,-0.375,1.1094374193058405,-0.3617717570501075,1.1189987550991169,-0.21425989452785671,0.00020560019808929999
4,4_nf_daily,Daily familiarity,maemuki_score,Maemuki,0.625,1.4033916862864233,0.64762747273842736,1.4093856418035464,-0.21425989452785671,0.00020560019808929999
4,4_nf_daily,Daily familiarity,maemuki_score,Maemuki,1.875,0.7532486519328625,1.899811631320024,0.74728312523880047,-0.21425989452785671,0.00020560019808929999
4,4_nf_daily,Daily familiarity,maemuki_score,Maemuki,-1.75,1.8590953393584977,-1.7271264768531125,1.8485961814929883,-0.21425989452785671,0.00020560019808929999
4,4_nf_daily,Daily familiarity,maemuki_score,Maemuki,-0.875,0.64438938254727729,-0.89776489044973051,0.65238230507612094,-0.21425989452785671,0.00020560019808929999
4,4_nf_daily,Daily familiarity,maemuki_score,Maemuki,-0.875,1.2073618389407863,-0.87810724472717561,1.2214107473031153,-0.21425989452785671,0.00020560019808929999
4,4_nf_daily,Daily familiarity,maemuki_score,Maemuki,-2.125,1.2563352826510723,-2.1129373320721192,1.2495469835640105,-0.21425989452785671,0.00020560019808929999
4,4_nf_daily,Daily familiarity,maemuki_score,Maemuki,2.125,1.2591291992607785,2.1235610445951472,1.2613187402931789,-0.21425989452785671,0.00020560019808929999
4,4_nf_daily,Daily familiarity,maemuki_score,Maemuki,-0.375,1.6070042530568849,-0.36444764510324279,1.6200830227017604,-0.21425989452785671,0.00020560019808929999
4,4_nf_daily,Daily familiarity,maemuki_score,Maemuki,-2,1.2706295410242778,-2.0248827972345951,1.2553329381762821,-0.21425989452785671,0.00020560019808929999
4,4_nf_daily,Daily familiarity,maemuki_score,Maemuki,0.625,0.78234664945191268,0.61252183782898473,0.77076198258600881,-0.21425989452785671,0.00020560019808929999
4,4_nf_daily,Daily familiarity,maemuki_score,Maemuki,-0.125,-0.092306207437786295,-0.11268450386779399,-0.1039026551458607,-0.21425989452785671,0.00020560019808929999
4,4_nf_daily,Daily familiarity,maemuki_score,Maemuki,1.125,0.44276379079010658,1.1014116978105677,0.43806748049091693,-0.21425989452785671,0.00020560019808929999
4,4_nf_daily,Daily familiarity,maemuki_score,Maemuki,1,1.0052160071896914,1.0238497819083996,1.0019836169115834,-0.21425989452785671,0.00020560019808929999
4,4_nf_daily,Daily familiarity,maemuki_score,Maemuki,0.25,0.95497582339687603,0.2318806527264656,0.95260337481436397,-0.21425989452785671,0.00020560019808929999
4,4_nf_daily,Daily familiarity,maemuki_score,Maemuki,0.375,0.8411733247259563,0.39580120488547199,0.83078829602102955,-0.21425989452785671,0.00020560019808929999
4,4_nf_daily,Daily familiarity,maemuki_score,Maemuki,1.125,-0.23093624212045261,1.1337125727496351,-0.22769306682080129,-0.21425989452785671,0.00020560019808929999
4,4_nf_daily,Daily familiarity,maemuki_score,Maemuki,-0.125,0.7867158426368952,-0.13259180950290031,0.7837076066748353,-0.21425989452785671,0.00020560019808929999
4,4_nf_daily,Daily familiarity,maemuki_score,Maemuki,0.125,0.1323928508139034,0.1434363993088601,0.14258835377641421,-0.21425989452785671,0.00020560019808929999
4,4_nf_daily,Daily familiarity,maemuki_score,Maemuki,-0.5,1.2854598617756512,-0.52069074268898541,1.2801233412900923,-0.21425989452785671,0.00020560019808929999
4,4_nf_daily,Daily familiarity,maemuki_score,Maemuki,1,-0.0080687830687829996,0.97734379853485875,0.00012445819849190001,-0.21425989452785671,0.00020560019808929999
4,4_nf_daily,Daily familiarity,maemuki_score,Maemuki,0.25,0.71232152350573397,0.227612668284046,0.72639210825693801,-0.21425989452785671,0.00020560019808929999
4,4_nf_daily,Daily familiarity,maemuki_score,Maemuki,1.125,0.51172343738133219,1.1274398333940547,0.52722379156847943,-0.21425989452785671,0.00020560019808929999
4,4_nf_daily,Daily familiarity,maemuki_score,Maemuki,0.25,-0.1411935773777879,0.24851048174162929,-0.15426788295081589,-0.21425989452785671,0.00020560019808929999
5,4_nf_daily,Daily familiarity,maemuki_score,Maemuki,1.75,0.62552846763373082,1.7283764036961005,0.63351436457001453,-0.21425989452785671,0.00020560019808929999
5,4_nf_daily,Daily familiarity,maemuki_score,Maemuki,0.875,0.44899717728665101,0.84945907950050936,0.4535299882208651,-0.21425989452785671,0.00020560019808929999
5,4_nf_daily,Daily familiarity,maemuki_score,Maemuki,0.625,0.43980373914584431,0.63365578589400573,0.43242108160204362,-0.21425989452785671,0.00020560019808929999
5,4_nf_daily,Daily familiarity,maemuki_score,Maemuki,-0.75,0.75243506493506496,-0.72928882303098386,0.76097651915920472,-0.21425989452785671,0.00020560019808929999
5,4_nf_daily,Daily familiarity,maemuki_score,Maemuki,-0.375,0.29329352421457688,-0.38895933563429358,0.3078376796354666,-0.21425989452785671,0.00020560019808929999
5,4_nf_daily,Daily familiarity,maemuki_score,Maemuki,1.375,0.46176330978962549,1.3578165654480454,0.44889142997008302,-0.21425989452785671,0.00020560019808929999
5,4_nf_daily,Daily familiarity,maemuki_score,Maemuki,2.375,0.70048606364395849,2.3593415700473619,0.6984519621141736,-0.21425989452785671,0.00020560019808929999
5,4_nf_daily,Daily familiarity,maemuki_score,Maemuki,-1.125,-0.79237234500392395,-1.127488737145635,-0.79546222130028643,-0.21425989452785671,0.00020560019808929999
5,4_nf_daily,Daily familiarity,maemuki_score,Maemuki,0.625,-0.19829371408318769,0.63573463654994067,-0.21150245993907821,-0.21425989452785671,0.00020560019808929999
5,4_nf_daily,Daily familiarity,maemuki_score,Maemuki,0.5,0.71425090504037869,0.48948505191447128,0.70017836118027377,-0.21425989452785671,0.00020560019808929999
5,4_nf_daily,Daily familiarity,maemuki_score,Maemuki,1.625,-0.24715829978987869,1.6459864670736919,-0.26049150096555812,-0.21425989452785671,0.00020560019808929999
5,4_nf_daily,Daily familiarity,maemuki_score,Maemuki,0.5,0.4262771828561302,0.52257921426489529,0.41345328529723208,-0.21425989452785671,0.00020560019808929999
5,4_nf_daily,Daily familiarity,maemuki_score,Maemuki,1.625,-0.86130192906508696,1.621571337359051,-0.86313848653772085,-0.21425989452785671,0.00020560019808929999
5,4_nf_daily,Daily familiarity,maemuki_score,Maemuki,1.375,1.0412233234601658,1.3613483961991633,1.0563516114439191,-0.21425989452785671,0.00020560019808929999
5,4_nf_daily,Daily familiarity,maemuki_score,Maemuki,0.125,1.7468579909369384,0.14968502450293131,1.7613969922279848,-0.21425989452785671,0.00020560019808929999
5,4_nf_daily,Daily familiarity,maemuki_score,Maemuki,0.875,1.0651132249816462,0.85444957055969717,1.05973670688071,-0.21425989452785671,0.00020560019808929999
5,4_nf_daily,Daily familiarity,maemuki_score,Maemuki,0,1.0697507658033976,6.9984406676554465e-05,1.075806029053382,-0.21425989452785671,0.00020560019808929999
5,4_nf_daily,Daily familiarity,maemuki_score,Maemuki,-0.5,1.3146923495607703,-0.48722585268987351,1.3061739620393928,-0.21425989452785671,0.00020560019808929999
5,4_nf_daily,Daily familiarity,maemuki_score,Maemuki,1.5,0.70462962962962961,1.5168152165436961,0.69758921351347081,-0.21425989452785671,0.00020560019808929999
5,4_nf_daily,Daily familiarity,maemuki_score,Maemuki,-0.375,-0.082004253056884593,-0.3775486448466473,-0.078535074179803793,-0.21425989452785671,0.00020560019808929999
5,4_nf_daily,Daily familiarity,maemuki_score,Maemuki,-0.75,0.3443118528644844,-0.728117700476412,0.33879391814379578,-0.21425989452785671,0.00020560019808929999
5,4_nf_daily,Daily familiarity,maemuki_score,Maemuki,-0.5,0.62416932482721954,-0.48737422332827129,0.63276882111340516,-0.21425989452785671,0.00020560019808929999
5,4_nf_daily,Daily familiarity,maemuki_score,Maemuki,0.25,1.0971953241690084,0.2328419500297822,1.0871360154147629,-0.21425989452785671,0.00020560019808929999
5,4_nf_daily,Daily familiarity,maemuki_score,Maemuki,-1.125,0.81572270322270313,-1.1359714163031849,0.80458903054265729,-0.21425989452785671,0.00020560019808929999
5,4_nf_daily,Daily familiarity,maemuki_score,Maemuki,0.75,0.4648008911166806,0.77683274962090454,0.4497580766088472,-0.21425989452785671,0.00020560019808929999
5,4_nf_daily,Daily familiarity,maemuki_score,Maemuki,-1.375,1.2324846206425155,-1.3577381232677901,1.2231841268655554,-0.21425989452785671,0.00020560019808929999
5,4_nf_daily,Daily familiarity,maemuki_score,Maemuki,1.875,-0.2454969494443178,1.8573772070177088,-0.230079334923429,-0.21425989452785671,0.00020560019808929999
5,4_nf_daily,Daily familiarity,maemuki_score,Maemuki,1.875,0.56862864231285282,1.8670264394180889,0.57380504214971384,-0.21425989452785671,0.00020560019808929999
5,4_nf_daily,Daily familiarity,maemuki_score,Maemuki,-1.375,1.0989126857547911,-1.3699224488322326,1.0948092184823253,-0.21425989452785671,0.00020560019808929999
5,4_nf_daily,Daily familiarity,maemuki_score,Maemuki,-0.625,1.6386838307890941,-0.60585627616375537,1.6495852292441586,-0.21425989452785671,0.00020560019808929999
5,4_nf_daily,Daily familiarity,maemuki_score,Maemuki,-0.375,1.3674976582871321,-0.3997809784798888,1.3627571902503128,-0.21425989452785671,0.00020560019808929999
5,4_nf_daily,Daily familiarity,maemuki_score,Maemuki,1,0.5117803979646085,0.98089518547628385,0.51431618474359786,-0.21425989452785671,0.00020560019808929999
5,4_nf_daily,Daily familiarity,maemuki_score,Maemuki,0.625,1.0637768664084453,0.63827977166072991,1.0661231552746568,-0.21425989452785671,0.00020560019808929999
5,4_nf_daily,Daily familiarity,maemuki_score,Maemuki,0.5,-0.079114136350978401,0.4738523263980452,-0.069301647913575098,-0.21425989452785671,0.00020560019808929999
5,4_nf_daily,Daily familiarity,maemuki_score,Maemuki,0.375,1.9343095744411536,0.3567624984997092,1.9462719312343657,-0.21425989452785671,0.00020560019808929999
5,4_nf_daily,Daily familiarity,maemuki_score,Maemuki,-0.5,1.0058909901015165,-0.52281095595239968,0.99391456188478478,-0.21425989452785671,0.00020560019808929999
5,4_nf_daily,Daily familiarity,maemuki_score,Maemuki,0.25,1.0437112351586035,0.2363567179385811,1.0571377836455769,-0.21425989452785671,0.00020560019808929999
5,4_nf_daily,Daily familiarity,maemuki_score,Maemuki,0,0.013318017265385699,-0.0042368683965437002,0.0026821241590018999,-0.21425989452785671,0.00020560019808929999
5,4_nf_daily,Daily familiarity,maemuki_score,Maemuki,0.625,0.89290619224829748,0.6444886755935626,0.90375745924435602,-0.21425989452785671,0.00020560019808929999
5,4_nf_daily,Daily familiarity,maemuki_score,Maemuki,0.5,-0.38297353231563758,0.48255414298737781,-0.37685768530824942,-0.21425989452785671,0.00020560019808929999
5,4_nf_daily,Daily familiarity,maemuki_score,Maemuki,1.75,0.44831111870585549,1.7265649481648591,0.46310890550172618,-0.21425989452785671,0.00020560019808929999
5,4_nf_daily,Daily familiarity,maemuki_score,Maemuki,1.25,0.90499670894407735,1.257735739590925,0.91419089425048239,-0.21425989452785671,0.00020560019808929999
5,4_nf_daily,Daily familiarity,maemuki_score,Maemuki,0.875,0.77611294650768337,0.88453407652073046,0.76117920495203439,-0.21425989452785671,0.00020560019808929999
5,4_nf_daily,Daily familiarity,maemuki_score,Maemuki,1.25,1.4871857674489253,1.2625343813920646,1.5025016763469818,-0.21425989452785671,0.00020560019808929999
5,4_nf_daily,Daily familiarity,maemuki_score,Maemuki,-0.125,1.2061757930178982,-0.1476588653258718,1.2082633706083905,-0.21425989452785671,0.00020560019808929999
5,4_nf_daily,Daily familiarity,maemuki_score,Maemuki,-0.125,0.498358269410901,-0.1192223516474788,0.48676751440784349,-0.21425989452785671,0.00020560019808929999
5,4_nf_daily,Daily familiarity,maemuki_score,Maemuki,1,1.0490816688185109,0.97654085029942839,1.0498381044460925,-0.21425989452785671,0.00020560019808929999
5,4_nf_daily,Daily familiarity,maemuki_score,Maemuki,1.875,0.58322574112047798,1.8541140098967064,0.57950257353204038,-0.21425989452785671,0.00020560019808929999
5,4_nf_daily,Daily familiarity,maemuki_score,Maemuki,0.625,1.2707697273486749,0.60645415450501983,1.25698094169352,-0.21425989452785671,0.00020560019808929999
5,4_nf_daily,Daily familiarity,maemuki_score,Maemuki,2,0.5279110022531075,1.9778032412377879,0.54159574395256793,-0.21425989452785671,0.00020560019808929999
5,4_nf_daily,Daily familiarity,maemuki_score,Maemuki,-0.375,1.288112326270221,-0.36621032442599982,1.2961339291514853,-0.21425989452785671,0.00020560019808929999
5,4_nf_daily,Daily familiarity,maemuki_score,Maemuki,-1.625,0.53353016379332163,-1.6035607828340188,0.53574711541066289,-0.21425989452785671,0.00020560019808929999
5,4_nf_daily,Daily familiarity,maemuki_score,Maemuki,2,0.56778752436647173,2.0132108429769184,0.57805719637671737,-0.21425989452785671,0.00020560019808929999
5,4_nf_daily,Daily familiarity,maemuki_score,Maemuki,0.625,-0.32091023012075642,0.64967314798518849,-0.32172315937498169,-0.21425989452785671,0.00020560019808929999
5,4_nf_daily,Daily familiarity,maemuki_score,Maemuki,-0.25,1.2717896382370066,-0.23223105118787851,1.2802286162390204,-0.21425989452785671,0.00020560019808929999
5,4_nf_daily,Daily familiarity,maemuki_score,Maemuki,0.75,0.84998481051112629,0.74497637775683057,0.85399955864219523,-0.21425989452785671,0.00020560019808929999
5,4_nf_daily,Daily familiarity,maemuki_score,Maemuki,1.625,1.2318729272676641,1.6300466872436119,1.243182096970336,-0.21425989452785671,0.00020560019808929999
5,4_nf_daily,Daily familiarity,maemuki_score,Maemuki,-0.25,1.3612275638591429,-0.26803203094514599,1.3630349550825056,-0.21425989452785671,0.00020560019808929999
5,4_nf_daily,Daily familiarity,maemuki_score,Maemuki,2.5,1.5579662540188854,2.5168755566704415,1.5677970169095632,-0.21425989452785671,0.00020560019808929999
5,4_nf_daily,Daily familiarity,maemuki_score,Maemuki,0.25,1.146104528999266,0.2416371260303885,1.1603795329205988,-0.21425989452785671,0.00020560019808929999
5,4_nf_daily,Daily familiarity,maemuki_score,Maemuki,-0.875,-0.29541214146477301,-0.87059441490433398,-0.28916677902013321,-0.21425989452785671,0.00020560019808929999
5,4_nf_daily,Daily familiarity,maemuki_score,Maemuki,0.375,1.0417527404369511,0.36832671590364813,1.0467879814200016,-0.21425989452785671,0.00020560019808929999
5,4_nf_daily,Daily familiarity,maemuki_score,Maemuki,1.875,0.65278157514999624,1.848187201468388,0.66468413236232071,-0.21425989452785671,0.00020560019808929999
5,4_nf_daily,Daily familiarity,maemuki_score,Maemuki,0.125,0.38146914002177162,0.14439932615199921,0.38797512797385098,-0.21425989452785671,0.00020560019808929999
5,4_nf_daily,Daily familiarity,maemuki_score,Maemuki,-1,0.69338655983392827,-1.0180990687115372,0.70463289374881799,-0.21425989452785671,0.00020560019808929999
5,4_nf_daily,Daily familiarity,maemuki_score,Maemuki,1,1.9109747221589328,0.98712711722568658,1.9077995310694047,-0.21425989452785671,0.00020560019808929999
5,4_nf_daily,Daily familiarity,maemuki_score,Maemuki,0.125,1.4150274676590469,0.13016838769772091,1.4107390247065177,-0.21425989452785671,0.00020560019808929999
5,4_nf_daily,Daily familiarity,maemuki_score,Maemuki,0.875,0.61110763018657754,0.85388990724439484,0.59816230764391121,-0.21425989452785671,0.00020560019808929999
5,4_nf_daily,Daily familiarity,maemuki_score,Maemuki,1.5,0.26447938026885398,1.5117505835612364,0.25729775129576238,-0.21425989452785671,0.00020560019808929999
5,4_nf_daily,Daily familiarity,maemuki_score,Maemuki,0.75,0.33386085162400941,0.74685844305994853,0.34828815296229149,-0.21425989452785671,0.00020560019808929999
5,4_nf_daily,Daily familiarity,maemuki_score,Maemuki,1.375,-0.43764778106883367,1.3537176643522917,-0.42792704729468117,-0.21425989452785671,0.00020560019808929999
5,4_nf_daily,Daily familiarity,maemuki_score,Maemuki,1,1.1793017898281055,1.0224902582645261,1.1755170015188523,-0.21425989452785671,0.00020560019808929999
5,4_nf_daily,Daily familiarity,maemuki_score,Maemuki,1.875,1.2739205969469127,1.8692482363740948,1.2884070914313797,-0.21425989452785671,0.00020560019808929999
5,4_nf_daily,Daily familiarity,maemuki_score,Maemuki,-1.125,1.6081713121186807,-1.106181044732431,1.6062977607571769,-0.21425989452785671,0.00020560019808929999
5,4_nf_daily,Daily familiarity,maemuki_score,Maemuki,-0.875,1.6960703526493002,-0.84806714655019788,1.710369465001178,-0.21425989452785671,0.00020560019808929999
5,4_nf_daily,Daily familiarity,maemuki_score,Maemuki,-2.25,1.4315700868332446,-2.2305598687457953,1.4400159601054816,-0.21425989452785671,0.00020560019808929999
5,4_nf_daily,Daily familiarity,maemuki_score,Maemuki,-1.875,1.5066124908230172,-1.8488359195518411,1.4936649115905518,-0.21425989452785671,0.00020560019808929999
5,4_nf_daily,Daily familiarity,maemuki_score,Maemuki,0.875,0.81450311384521912,0.87523884607604874,0.82749386061204278,-0.21425989452785671,0.00020560019808929999
5,4_nf_daily,Daily familiarity,maemuki_score,Maemuki,1.25,0.58711646540593909,1.2365351687070434,0.58178402539558127,-0.21425989452785671,0.00020560019808929999
5,4_nf_daily,Daily familiarity,maemuki_score,Maemuki,0.5,1.5477294878610666,0.49944749107187197,1.5358920662011482,-0.21425989452785671,0.00020560019808929999
5,4_nf_daily,Daily familiarity,maemuki_score,Maemuki,0,2.4160021265284422,-0.026878002865248701,2.4226972622276359,-0.21425989452785671,0.00020560019808929999
5,4_nf_daily,Daily familiarity,maemuki_score,Maemuki,0.625,0.93935596567175517,0.6291207317341303,0.94368455048668876,-0.21425989452785671,0.00020560019808929999
5,4_nf_daily,Daily familiarity,maemuki_score,Maemuki,0.5,0.92229722032353623,0.52203301719561335,0.92241634029606956,-0.21425989452785671,0.00020560019808929999
5,4_nf_daily,Daily familiarity,maemuki_score,Maemuki,1.75,0.52929103060682015,1.7293103073233764,0.52355954878775501,-0.21425989452785671,0.00020560019808929999
5,4_nf_daily,Daily familiarity,maemuki_score,Maemuki,-0.375,1.3215890104047998,-0.36382208249401471,1.3128230611639125,-0.21425989452785671,0.00020560019808929999
5,4_nf_daily,Daily familiarity,maemuki_score,Maemuki,3,1.1277024632287791,3.0252566005816499,1.1316435748897016,-0.21425989452785671,0.00020560019808929999
5,4_nf_daily,Daily familiarity,maemuki_score,Maemuki,1.25,0.088896483633325696,1.2634138417423406,0.073348091213143202,-0.21425989452785671,0.00020560019808929999
5,4_nf_daily,Daily familiarity,maemuki_score,Maemuki,0.125,1.4884025087972459,0.1079708299230898,1.4855194478943703,-0.21425989452785671,0.00020560019808929999
5,4_nf_daily,Daily familiarity,maemuki_score,Maemuki,0.5,0.25537771195665931,0.47881318462595318,0.24913887659646319,-0.21425989452785671,0.00020560019808929999
5,4_nf_daily,Daily familiarity,maemuki_score,Maemuki,0,0.1041476798055745,0.025346655648254401,0.091530834982599202,-0.21425989452785671,0.00020560019808929999
5,4_nf_daily,Daily familiarity,maemuki_score,Maemuki,-1,0.99301441735652285,-1.0074471328222103,0.97811991634105822,-0.21425989452785671,0.00020560019808929999
5,4_nf_daily,Daily familiarity,maemuki_score,Maemuki,0.125,-0.22022733601680969,0.13927814000876459,-0.23226200438265779,-0.21425989452785671,0.00020560019808929999
5,4_nf_daily,Daily familiarity,maemuki_score,Maemuki,1.25,0.94007651705020123,1.269857767072623,0.95073304565718719,-0.21425989452785671,0.00020560019808929999
5,4_nf_daily,Daily familiarity,maemuki_score,Maemuki,2.125,0.62249151920204548,2.115739035085761,0.6348822527753426,-0.21425989452785671,0.00020560019808929999
5,4_nf_daily,Daily familiarity,maemuki_score,Maemuki,-0.125,1.4652524619629883,-0.1160968289206837,1.4703452047466232,-0.21425989452785671,0.00020560019808929999
5,4_nf_daily,Daily familiarity,maemuki_score,Maemuki,-0.75,0.91052948026632241,-0.75132309429994315,0.90417290183066656,-0.21425989452785671,0.00020560019808929999
5,4_nf_daily,Daily familiarity,maemuki_score,Maemuki,0.75,-0.026279397989924302,0.74961737727927413,-0.032380664640289998,-0.21425989452785671,0.00020560019808929999
5,4_nf_daily,Daily familiarity,maemuki_score,Maemuki,1.625,0.60563783195362142,1.6494788627432391,0.62005357281413531,-0.21425989452785671,0.00020560019808929999
5,4_nf_daily,Daily familiarity,maemuki_score,Maemuki,0.5,0.0088798384851016005,0.51676727241773279,-0.0049759886197740001,-0.21425989452785671,0.00020560019808929999
5,4_nf_daily,Daily familiarity,maemuki_score,Maemuki,0.875,0.79141667299562035,0.90149324842819001,0.78263823136699007,-0.21425989452785671,0.00020560019808929999
5,4_nf_daily,Daily familiarity,maemuki_score,Maemuki,0.625,-0.38721709576972729,0.60092119451419346,-0.39797906321985288,-0.21425989452785671,0.00020560019808929999
5,4_nf_daily,Daily familiarity,maemuki_score,Maemuki,0.75,0.1971083010556694,0.7649373802380216,0.1870869484568187,-0.21425989452785671,0.00020560019808929999
5,4_nf_daily,Daily familiarity,maemuki_score,Maemuki,1.5,1.1788024353813826,1.5005360343015268,1.1659024223110968,-0.21425989452785671,0.00020560019808929999
5,4_nf_daily,Daily familiarity,maemuki_score,Maemuki,0.125,1.1147208298524087,0.1395879444379273,1.099526259529678,-0.21425989452785671,0.00020560019808929999
5,4_nf_daily,Daily familiarity,maemuki_score,Maemuki,2.125,0.0122218424850003,2.1062512821312582,-0.00031412398215270002,-0.21425989452785671,0.00020560019808929999
5,4_nf_daily,Daily familiarity,maemuki_score,Maemuki,1.125,1.0451466418571682,1.1349430548228061,1.0354042125357628,-0.21425989452785671,0.00020560019808929999
5,4_nf_daily,Daily familiarity,maemuki_score,Maemuki,1.25,-0.0058596617807143,1.2640335183108251,0.0066502735251012003,-0.21425989452785671,0.00020560019808929999
5,4_nf_daily,Daily familiarity,maemuki_score,Maemuki,0.5,1.239460076960077,0.48564259442592062,1.2330657735152466,-0.21425989452785671,0.00020560019808929999
5,4_nf_daily,Daily familiarity,maemuki_score,Maemuki,0.375,0.8232373863952811,0.3729023195193687,0.82070063714875208,-0.21425989452785671,0.00020560019808929999
5,4_nf_daily,Daily familiarity,maemuki_score,Maemuki,1.625,0.88670603275866433,1.6244179300312278,0.87340255588446014,-0.21425989452785671,0.00020560019808929999
5,4_nf_daily,Daily familiarity,maemuki_score,Maemuki,1.25,0.46556574517100818,1.2549193092038855,0.47544662127276488,-0.21425989452785671,0.00020560019808929999
5,4_nf_daily,Daily familiarity,maemuki_score,Maemuki,-0.75,0.92204247993721677,-0.73293386135677685,0.9255243187378156,-0.21425989452785671,0.00020560019808929999
5,4_nf_daily,Daily familiarity,maemuki_score,Maemuki,0.375,0.43975279106858051,0.39513874546111522,0.44940898242644911,-0.21425989452785671,0.00020560019808929999
5,4_nf_daily,Daily familiarity,maemuki_score,Maemuki,0.75,0.348085807954229,0.75938991568749603,0.35319603772312108,-0.21425989452785671,0.00020560019808929999
5,4_nf_daily,Daily familiarity,maemuki_score,Maemuki,-0.375,0.89855478342320438,-0.34974107687406569,0.90444965542540678,-0.21425989452785671,0.00020560019808929999
5,4_nf_daily,Daily familiarity,maemuki_score,Maemuki,0.5,1.6626541100225312,0.47366228052904769,1.6541957893334935,-0.21425989452785671,0.00020560019808929999
5,4_nf_daily,Daily familiarity,maemuki_score,Maemuki,2.25,0.32594871015923649,2.2572621763129077,0.31845879962029772,-0.21425989452785671,0.00020560019808929999
5,4_nf_daily,Daily familiarity,maemuki_score,Maemuki,1.5,-0.0432027037290195,1.5256755680939149,-0.043226728359496203,-0.21425989452785671,0.00020560019808929999
5,4_nf_daily,Daily familiarity,maemuki_score,Maemuki,1.25,0.51584200399989877,1.2347934650535746,0.50818619561215039,-0.21425989452785671,0.00020560019808929999
5,4_nf_daily,Daily familiarity,maemuki_score,Maemuki,-0.125,1.5576143641933116,-0.15186883220327141,1.5627457041348782,-0.21425989452785671,0.00020560019808929999
5,4_nf_daily,Daily familiarity,maemuki_score,Maemuki,0.375,0.52820688083845979,0.3510055258220165,0.52701432063633336,-0.21425989452785671,0.00020560019808929999
5,4_nf_daily,Daily familiarity,maemuki_score,Maemuki,1.125,0.83587187666135021,1.1393953056815953,0.82538483453950784,-0.21425989452785671,0.00020560019808929999
5,4_nf_daily,Daily familiarity,maemuki_score,Maemuki,0.375,0.62747050707577023,0.3911750304337373,0.6286043719709864,-0.21425989452785671,0.00020560019808929999
5,4_nf_daily,Daily familiarity,maemuki_score,Maemuki,-0.375,1.8984968734968737,-0.38227047356165089,1.9068047006753519,-0.21425989452785671,0.00020560019808929999
5,4_nf_daily,Daily familiarity,maemuki_score,Maemuki,1.5,1.3094231791600213,1.5200157493201321,1.3027612001921689,-0.21425989452785671,0.00020560019808929999
5,4_nf_daily,Daily familiarity,maemuki_score,Maemuki,-1.25,0.45776277815751498,-1.2752881287288227,0.44678873249434131,-0.21425989452785671,0.00020560019808929999
5,4_nf_daily,Daily familiarity,maemuki_score,Maemuki,-0.75,0.58820820991873624,-0.7742038454639486,0.57250958961975829,-0.21425989452785671,0.00020560019808929999
5,4_nf_daily,Daily familiarity,maemuki_score,Maemuki,0.125,1.2148461431356168,0.11329181440878,1.2153140800567286,-0.21425989452785671,0.00020560019808929999
5,4_nf_daily,Daily familiarity,maemuki_score,Maemuki,0.875,0.43982019442545761,0.86588888414506626,0.4261217546916598,-0.21425989452785671,0.00020560019808929999
5,4_nf_daily,Daily familiarity,maemuki_score,Maemuki,1.125,0.13835504164451529,1.117311238661268,0.12766654011753989,-0.21425989452785671,0.00020560019808929999
5,4_nf_daily,Daily familiarity,maemuki_score,Maemuki,0.625,1.1903375863902179,0.61895700757728478,1.197453503250282,-0.21425989452785671,0.00020560019808929999
2,aq_score,AQ,10_flow_attitude,Flow attitude,19,0.25,19.092994445698046,0.24039288980307599,-0.33116696701263132,6.9126281191228294e-09
2,aq_score,AQ,10_flow_attitude,Flow attitude,23,1.25,22.996277150107865,1.2394176191026578,-0.33116696701263132,6.9126281191228294e-09
2,aq_score,AQ,10_flow_attitude,Flow attitude,13,0.91666666666666663,13.12494104134419,0.91530301540849124,-0.33116696701263132,6.9126281191228294e-09
2,aq_score,AQ,10_flow_attitude,Flow attitude,20,0.5,19.970645762115399,0.51046298273482571,-0.33116696701263132,6.9126281191228294e-09
2,aq_score,AQ,10_flow_attitude,Flow attitude,28,1.5833333333333333,27.834089553970788,1.5868469893170067,-0.33116696701263132,6.9126281191228294e-09
2,aq_score,AQ,10_flow_attitude,Flow attitude,17,2.4166666666666665,16.928207329973525,2.4138145513397435,-0.33116696701263132,6.9126281191228294e-09
2,aq_score,AQ,10_flow_attitude,Flow attitude,18,1.3333333333333333,17.879365547427266,1.351266959578753,-0.33116696701263132,6.9126281191228294e-09
2,aq_score,AQ,10_flow_attitude,Flow attitude,14,1.0833333333333333,14.097455244680312,1.0697324930509529,-0.33116696701263132,6.9126281191228294e-09
2,aq_score,AQ,10_flow_attitude,Flow attitude,30,1.9166666666666667,29.933612372608938,1.9118473304750363,-0.33116696701263132,6.9126281191228294e-09
2,aq_score,AQ,10_flow_attitude,Flow attitude,23,1.25,23.006601538183883,1.2567487109281263,-0.33116696701263132,6.9126281191228294e-09
2,aq_score,AQ,10_flow_attitude,Flow attitude,17,0.83333333333333337,17.084395269795476,0.84914272443558381,-0.33116696701263132,6.9126281191228294e-09
2,aq_score,AQ,10_flow_attitude,Flow attitude,19,1.0833333333333333,19.103915643732737,1.0929805064360822,-0.33116696701263132,6.9126281191228294e-09
2,aq_score,AQ,10_flow_attitude,Flow attitude,12,0.66666666666666663,12.089521698925791,0.68261610641231418,-0.33116696701263132,6.9126281191228294e-09
2,aq_score,AQ,10_flow_attitude,Flow attitude,29,1.4166666666666667,29.051487669902205,1.4122226007169307,-0.33116696701263132,6.9126281191228294e-09
2,aq_score,AQ,10_flow_attitude,Flow attitude,20,0.25,20.04029185306802,0.25159803555793631,-0.33116696701263132,6.9126281191228294e-09
2,aq_score,AQ,10_flow_attitude,Flow attitude,13,0.66666666666666663,13.118942123797961,0.68037811401075621,-0.33116696701263132,6.9126281191228294e-09
2,aq_score,AQ,10_flow_attitude,Flow attitude,12,0.41666666666666669,12.095005570602533,0.39945078821416508,-0.33116696701263132,6.9126281191228294e-09
2,aq_score,AQ,10_flow_attitude,Flow attitude,34,0.83333333333333337,34.160285624561723,0.82376059083798026,-0.33116696701263132,6.9126281191228294e-09
2,aq_score,AQ,10_flow_attitude,Flow attitude,8,1.5,8.1191498338165324,1.5128462117963857,-0.33116696701263132,6.9126281191228294e-09
2,aq_score,AQ,10_flow_attitude,Flow attitude,18,2.0833333333333335,18.0937310579897,2.066828239501906,-0.33116696701263132,6.9126281191228294e-09
2,aq_score,AQ,10_flow_attitude,Flow attitude,26,1.8333333333333333,26.130961018707328,1.8224221706329375,-0.33116696701263132,6.9126281191228294e-09
2,aq_score,AQ,10_flow_attitude,Flow attitude,22,1.25,21.870329109315833,1.2403546338811331,-0.33116696701263132,6.9126281191228294e-09
2,aq_score,AQ,10_flow_attitude,Flow attitude,17,0.83333333333333337,16.92656067277148,0.82791171700872945,-0.33116696701263132,6.9126281191228294e-09
2,aq_score,AQ,10_flow_attitude,Flow attitude,25,1.1666666666666667,24.97901456491023,1.1503093045591339,-0.33116696701263132,6.9126281191228294e-09
3,aq_score,AQ,10_flow_attitude,Flow attitude,22,0.5,21.880852129644719,0.50751805361564051,-0.33116696701263132,6.9126281191228294e-09
3,aq_score,AQ,10_flow_attitude,Flow attitude,28,0.83333333333333337,28.122701923253398,0.83746965028508058,-0.33116696701263132,6.9126281191228294e-09
3,aq_score,AQ,10_flow_attitude,Flow attitude,20,-0.25,20.010328946482218,-0.25012024265522459,-0.33116696701263132,6.9126281191228294e-09
3,aq_score,AQ,10_flow_attitude,Flow attitude,24,1.5,24.09205549106052,1.4927249795872433,-0.33116696701263132,6.9126281191228294e-09
3,aq_score,AQ,10_flow_attitude,Flow attitude,16,1.5,15.841544620776538,1.5155118687507636,-0.33116696701263132,6.9126281191228294e-09
3,aq_score,AQ,10_flow_attitude,Flow attitude,23,1.75,22.85859779989465,1.7632848990904899,-0.33116696701263132,6.9126281191228294e-09
3,aq_score,AQ,10_flow_attitude,Flow attitude,33,0.66666666666666663,33.138821768426531,0.66584704600242262,-0.33116696701263132,6.9126281191228294e-09
3,aq_score,AQ,10_flow_attitude,Flow attitude,39,1.0833333333333333,38.971497603497575,1.0877359978828749,-0.33116696701263132,6.9126281191228294e-09
3,aq_score,AQ,10_flow_attitude,Flow attitude,25,0.83333333333333337,24.920615482628257,0.83950145276726607,-0.33116696701263132,6.9126281191228294e-09
3,aq_score,AQ,10_flow_attitude,Flow attitude,33,0.91666666666666663,33.159551328055457,0.90382261318881485,-0.33116696701263132,6.9126281191228294e-09
3,aq_score,AQ,10_flow_attitude,Flow attitude,24,1.5,24.078383639023965,1.4864186268965591,-0.33116696701263132,6.9126281191228294e-09
3,aq_score,AQ,10_flow_attitude,Flow attitude,17,1.75,16.929830491349254,1.7682303325244009,-0.33116696701263132,6.9126281191228294e-09
3,aq_score,AQ,10_flow_attitude,Flow attitude,33,0.41666666666666669,32.892071479547759,0.40930272385434968,-0.33116696701263132,6.9126281191228294e-09
3,aq_score,AQ,10_flow_attitude,Flow attitude,26,1.4166666666666667,25.959233069701305,1.4009355422705421,-0.33116696701263132,6.9126281191228294e-09
3,aq_score,AQ,10_flow_attitude,Flow attitude,28,0.33333333333333331,27.844304893615689,0.3384733684946275,-0.33116696701263132,6.9126281191228294e-09
3,aq_score,AQ,10_flow_attitude,Flow attitude,16,1.5833333333333333,15.880307840311708,1.5939167598687738,-0.33116696701263132,6.9126281191228294e-09
3,aq_score,AQ,10_flow_attitude,Flow attitude,32,-0.41666666666666669,32.021008709297107,-0.41818022487330508,-0.33116696701263132,6.9126281191228294e-09
3,aq_score,AQ,10_flow_attitude,Flow attitude,25,0.1666666666666666,24.837414043121552,0.164821534837715,-0.33116696701263132,6.9126281191228294e-09
3,aq_score,AQ,10_flow_attitude,Flow attitude,13,1.25,13.155681176647899,1.2330938646931564,-0.33116696701263132,6.9126281191228294e-09
3,aq_score,AQ,10_flow_attitude,Flow attitude,16,2.1666666666666665,15.993361570859912,2.1519348677911623,-0.33116696701263132,6.9126281191228294e-09
3,aq_score,AQ,10_flow_attitude,Flow attitude,27,1.5,26.913901713882179,1.4947235360518278,-0.33116696701263132,6.9126281191228294e-09
3,aq_score,AQ,10_flow_attitude,Flow attitude,16,1.0833333333333333,15.947063928127042,1.0787000622991465,-0.33116696701263132,6.9126281191228294e-09
4,aq_score,AQ,10_flow_attitude,Flow attitude,29,1.2307692307692308,29.074532130502611,1.2491057150446747,-0.33116696701263132,6.9126281191228294e-09
4,aq_score,AQ,10_flow_attitude,Flow attitude,21,0.2307692307692307,20.943730788048754,0.22367320773493629,-0.33116696701263132,6.9126281191228294e-09
4,aq_score,AQ,10_flow_attitude,Flow attitude,18,1.8461538461538465,17.890581340217366,1.837211147643244,-0.33116696701263132,6.9126281191228294e-09
4,aq_score,AQ,10_flow_attitude,Flow attitude,19,1.9230769230769231,18.931356163600576,1.9259375003591863,-0.33116696701263132,6.9126281191228294e-09
4,aq_score,AQ,10_flow_attitude,Flow attitude,34,0.84615384615384615,34.002671310817725,0.8302463726895466,-0.33116696701263132,6.9126281191228294e-09
4,aq_score,AQ,10_flow_attitude,Flow attitude,20,0.92307692307692324,20.142020360484629,0.9302163732007348,-0.33116696701263132,6.9126281191228294e-09
4,aq_score,AQ,10_flow_attitude,Flow attitude,10,1.4615384615384617,10.119689048905444,1.4517589336300361,-0.33116696701263132,6.9126281191228294e-09
4,aq_score,AQ,10_flow_attitude,Flow attitude,18,2.3846153846153846,17.901689807438856,2.3744778987429949,-0.33116696701263132,6.9126281191228294e-09
4,aq_score,AQ,10_flow_attitude,Flow attitude,37,0.2307692307692307,36.915245821590638,0.2277780849565878,-0.33116696701263132,6.9126281191228294e-09
4,aq_score,AQ,10_flow_attitude,Flow attitude,5,1.6153846153846154,4.9737344069214275,1.6252967086756196,-0.33116696701263132,6.9126281191228294e-09
4,aq_score,AQ,10_flow_attitude,Flow attitude,31,1.3076923076923077,31.066557399306131,1.3136350380168462,-0.33116696701263132,6.9126281191228294e-09
4,aq_score,AQ,10_flow_attitude,Flow attitude,7,1.5384615384615383,7.103829079582626,1.5306305059136895,-0.33116696701263132,6.9126281191228294e-09
4,aq_score,AQ,10_flow_attitude,Flow attitude,11,0.92307692307692324,10.982969596919316,0.94137121243470057,-0.33116696701263132,6.9126281191228294e-09
4,aq_score,AQ,10_flow_attitude,Flow attitude,18,1.1538461538461535,18.122923281814401,1.1604255844879787,-0.33116696701263132,6.9126281191228294e-09
4,aq_score,AQ,10_flow_attitude,Flow attitude,13,1.3846153846153846,12.998096921391856,1.392517347095845,-0.33116696701263132,6.9126281191228294e-09
4,aq_score,AQ,10_flow_attitude,Flow attitude,20,2.6153846153846154,19.833436047930643,2.6087853685305058,-0.33116696701263132,6.9126281191228294e-09
4,aq_score,AQ,10_flow_attitude,Flow attitude,27,2.5384615384615383,27.104441914298931,2.5384911444106075,-0.33116696701263132,6.9126281191228294e-09
4,aq_score,AQ,10_flow_attitude,Flow attitude,18,0.92307692307692324,18.164243905156788,0.90610875906061683,-0.33116696701263132,6.9126281191228294e-09
4,aq_score,AQ,10_flow_attitude,Flow attitude,30,0.2307692307692307,30.120837001850823,0.2306163572138811,-0.33116696701263132,6.9126281191228294e-09
4,aq_score,AQ,10_flow_attitude,Flow attitude,21,0.61538461538461542,21.079876131058175,0.60796766877088138,-0.33116696701263132,6.9126281191228294e-09
4,aq_score,AQ,10_flow_attitude,Flow attitude,39,0.38461538461538458,38.946116857510845,0.39693109414694933,-0.33116696701263132,6.9126281191228294e-09
4,aq_score,AQ,10_flow_attitude,Flow attitude,18,2.7692307692307692,17.912268615063226,2.7649217869677507,-0.33116696701263132,6.9126281191228294e-09
4,aq_score,AQ,10_flow_attitude,Flow attitude,14,1.0769230769230769,14.048199615181559,1.0631718835066728,-0.33116696701263132,6.9126281191228294e-09
4,aq_score,AQ,10_flow_attitude,Flow attitude,25,0.84615384615384615,24.902624701501782,0.85085855017236223,-0.33116696701263132,6.9126281191228294e-09
4,aq_score,AQ,10_flow_attitude,Flow attitude,38,-0.30769230769230771,37.916956145317407,-0.30250829653196759,-0.33116696701263132,6.9126281191228294e-09
4,aq_score,AQ,10_flow_attitude,Flow attitude,40,1.0769230769230769,39.900938085244022,1.0589959039083547,-0.33116696701263132,6.9126281191228294e-09
4,aq_score,AQ,10_flow_attitude,Flow attitude,22,1.1538461538461535,21.947384468480564,1.1501390928307051,-0.33116696701263132,6.9126281191228294e-09
4,aq_score,AQ,10_flow_attitude,Flow attitude,19,1.9230769230769231,19.07446234471761,1.9343232533036856,-0.33116696701263132,6.9126281191228294e-09
4,aq_score,AQ,10_flow_attitude,Flow attitude,18,0.61538461538461542,17.849457427889881,0.61834786425345278,-0.33116696701263132,6.9126281191228294e-09
4,aq_score,AQ,10_flow_attitude,Flow attitude,5,-0.0769230769230769,4.9398479441444625,-0.076744479031903901,-0.33116696701263132,6.9126281191228294e-09
4,aq_score,AQ,10_flow_attitude,Flow attitude,38,0.69230769230769229,38.148225881731037,0.69021133906664067,-0.33116696701263132,6.9126281191228294e-09
4,aq_score,AQ,10_flow_attitude,Flow attitude,10,1.0769230769230769,9.9501179350993105,1.0605026523227588,-0.33116696701263132,6.9126281191228294e-09
4,aq_score,AQ,10_flow_attitude,Flow attitude,16,1.1538461538461535,16.114792732383428,1.1597701774247289,-0.33116696701263132,6.9126281191228294e-09
4,aq_score,AQ,10_flow_attitude,Flow attitude,12,1,12.147741978563211,1.0057574241929623,-0.33116696701263132,6.9126281191228294e-09
4,aq_score,AQ,10_flow_attitude,Flow attitude,16,0.1538461538461538,16.115769232629617,0.16440949461206181,-0.33116696701263132,6.9126281191228294e-09
4,aq_score,AQ,10_flow_attitude,Flow attitude,26,1,26.129976108358711,1.0092228248210815,-0.33116696701263132,6.9126281191228294e-09
4,aq_score,AQ,10_flow_attitude,Flow attitude,26,1.5384615384615383,25.971571072554251,1.5312575624751137,-0.33116696701263132,6.9126281191228294e-09
4,aq_score,AQ,10_flow_attitude,Flow attitude,21,1,21.152808100963171,0.99048554840268399,-0.33116696701263132,6.9126281191228294e-09
4,aq_score,AQ,10_flow_attitude,Flow attitude,12,1.7692307692307692,11.988018218073954,1.7717122713987654,-0.33116696701263132,6.9126281191228294e-09
4,aq_score,AQ,10_flow_attitude,Flow attitude,14,0.76923076923076927,13.902885605443036,0.7851895077974983,-0.33116696701263132,6.9126281191228294e-09
4,aq_score,AQ,10_flow_attitude,Flow attitude,16,1.0769230769230769,15.969045130771203,1.0594073648483735,-0.33116696701263132,6.9126281191228294e-09
4,aq_score,AQ,10_flow_attitude,Flow attitude,23,0.1538461538461538,22.90101087042185,0.13718610674824999,-0.33116696701263132,6.9126281191228294e-09
4,aq_score,AQ,10_flow_attitude,Flow attitude,17,0.61538461538461542,16.958258550968566,0.60097308379715952,-0.33116696701263132,6.9126281191228294e-09
4,aq_score,AQ,10_flow_attitude,Flow attitude,17,1.4615384615384617,17.047762678089942,1.4612859204737136,-0.33116696701263132,6.9126281191228294e-09
4,aq_score,AQ,10_flow_attitude,Flow attitude,25,1.5384615384615383,25.049512749068469,1.5520593003591734,-0.33116696701263132,6.9126281191228294e-09
4,aq_score,AQ,10_flow_attitude,Flow attitude,17,1.8461538461538465,16.991531752709459,1.8548700037007004,-0.33116696701263132,6.9126281191228294e-09
4,aq_score,AQ,10_flow_attitude,Flow attitude,18,-0.61538461538461542,18.052443966047033,-0.61223259644052253,-0.33116696701263132,6.9126281191228294e-09
4,aq_score,AQ,10_flow_attitude,Flow attitude,28,0.0769230769230769,28.081456506588356,0.065900284738144799,-0.33116696701263132,6.9126281191228294e-09
4,aq_score,AQ,10_flow_attitude,Flow attitude,22,1.0769230769230769,22.001883744092328,1.064037975727163,-0.33116696701263132,6.9126281191228294e-09
4,aq_score,AQ,10_flow_attitude,Flow attitude,31,0.30769230769230771,31.159115990020776,0.29153891321070158,-0.33116696701263132,6.9126281191228294e-09
4,aq_score,AQ,10_flow_attitude,Flow attitude,16,1.8461538461538465,15.869266584082778,1.8360888911945952,-0.33116696701263132,6.9126281191228294e-09
4,aq_score,AQ,10_flow_attitude,Flow attitude,25,0.69230769230769229,24.879020021854227,0.69526888623498362,-0.33116696701263132,6.9126281191228294e-09
4,aq_score,AQ,10_flow_attitude,Flow attitude,26,0.76923076923076927,25.991891452949137,0.75848290703591259,-0.33116696701263132,6.9126281191228294e-09
4,aq_score,AQ,10_flow_attitude,Flow attitude,16,1.3846153846153846,16.028639120258152,1.3886648735483462,-0.33116696701263132,6.9126281191228294e-09
4,aq_score,AQ,10_flow_attitude,Flow attitude,19,2.6153846153846154,19.022212091882121,2.6043502095032767,-0.33116696701263132,6.9126281191228294e-09
4,aq_score,AQ,10_flow_attitude,Flow attitude,11,2.2307692307692308,10.948039120243518,2.2349924368209297,-0.33116696701263132,6.9126281191228294e-09
4,aq_score,AQ,10_flow_attitude,Flow attitude,13,1.3846153846153846,13.09685150490925,1.3841921747526624,-0.33116696701263132,6.9126281191228294e-09
4,aq_score,AQ,10_flow_attitude,Flow attitude,13,1,12.955519899401841,1.0179403763297259,-0.33116696701263132,6.9126281191228294e-09
4,aq_score,AQ,10_flow_attitude,Flow attitude,20,1.7692307692307692,19.929422892141609,1.778827681204499,-0.33116696701263132,6.9126281191228294e-09
4,aq_score,AQ,10_flow_attitude,Flow attitude,22,1.1538461538461535,22.07199111865021,1.1532620945674563,-0.33116696701263132,6.9126281191228294e-09
4,aq_score,AQ,10_flow_attitude,Flow attitude,23,1.3846153846153846,22.884306956314138,1.3815349035592006,-0.33116696701263132,6.9126281191228294e-09
4,aq_score,AQ,10_flow_attitude,Flow attitude,25,1.2307692307692308,25.051193604289494,1.2239304171602947,-0.33116696701263132,6.9126281191228294e-09
4,aq_score,AQ,10_flow_attitude,Flow attitude,15,1.8461538461538465,15.021819534730946,1.85080795454249,-0.33116696701263132,6.9126281191228294e-09
4,aq_score,AQ,10_flow_attitude,Flow attitude,17,0.61538461538461542,16.926203336867328,0.62990299345264655,-0.33116696701263132,6.9126281191228294e-09
4,aq_score,AQ,10_flow_attitude,Flow attitude,29,1.4615384615384617,29.004777137512619,1.4775170649127274,-0.33116696701263132,6.9126281191228294e-09
4,aq_score,AQ,10_flow_attitude,Flow attitude,32,1,32.000748982038409,1.0034768753066752,-0.33116696701263132,6.9126281191228294e-09
4,aq_score,AQ,10_flow_attitude,Flow attitude,16,2,15.893700102211016,2.0044402025355659,-0.33116696701263132,6.9126281191228294e-09
4,aq_score,AQ,10_flow_attitude,Flow attitude,18,1.4615384615384617,17.834597479908183,1.4632942015388497,-0.33116696701263132,6.9126281191228294e-09
4,aq_score,AQ,10_flow_attitude,Flow attitude,22,0.92307692307692324,21.859344974206849,0.92483961947096804,-0.33116696701263132,6.9126281191228294e-09
4,aq_score,AQ,10_flow_attitude,Flow attitude,11,1.6153846153846154,10.885853639965552,1.5971732691257583,-0.33116696701263132,6.9126281191228294e-09
4,aq_score,AQ,10_flow_attitude,Flow attitude,13,1.9230769230769231,12.899439538955084,1.9117152241098183,-0.33116696701263132,6.9126281191228294e-09
4,aq_score,AQ,10_flow_attitude,Flow attitude,22,-0.2307692307692307,21.929072726287959,-0.22833534455922319,-0.33116696701263132,6.9126281191228294e-09
4,aq_score,AQ,10_flow_attitude,Flow attitude,12,0.30769230769230771,12.036638705823371,0.30731304916949009,-0.33116696701263132,6.9126281191228294e-09
4,aq_score,AQ,10_flow_attitude,Flow attitude,32,0.84615384615384615,31.893411147198432,0.86135247182129571,-0.33116696701263132,6.9126281191228294e-09
4,aq_score,AQ,10_flow_attitude,Flow attitude,26,0.46153846153846151,25.975678363285589,0.44884901203202637,-0.33116696701263132,6.9126281191228294e-09
4,aq_score,AQ,10_flow_attitude,Flow attitude,25,0.30769230769230771,24.841203144431852,0.30205434280740517,-0.33116696701263132,6.9126281191228294e-09
4,aq_score,AQ,10_flow_attitude,Flow attitude,27,0.53846153846153844,27.083403263343989,0.54255298547220565,-0.33116696701263132,6.9126281191228294e-09
4,aq_score,AQ,10_flow_attitude,Flow attitude,7,2.2307692307692308,6.8938065998345808,2.234891876960035,-0.33116696701263132,6.9126281191228294e-09
4,aq_score,AQ,10_flow_attitude,Flow attitude,15,1.6923076923076923,14.94359191943725,1.7071215589803539,-0.33116696701263132,6.9126281191228294e-09
4,aq_score,AQ,10_flow_attitude,Flow attitude,23,1.2307692307692308,23.070586052255042,1.2464610781594161,-0.33116696701263132,6.9126281191228294e-09
4,aq_score,AQ,10_flow_attitude,Flow attitude,15,0.92307692307692324,14.892283671396951,0.91060594251889537,-0.33116696701263132,6.9126281191228294e-09
4,aq_score,AQ,10_flow_attitude,Flow attitude,10,0.61538461538461542,10.071650304713538,0.63196066535032813,-0.33116696701263132,6.9126281191228294e-09
4,aq_score,AQ,10_flow_attitude,Flow attitude,11,1,10.880232153552868,0.98172630665912097,-0.33116696701263132,6.9126281191228294e-09
4,aq_score,AQ,10_flow_attitude,Flow attitude,20,1.8461538461538465,20.05640997730675,1.8564590400892009,-0.33116696701263132,6.9126281191228294e-09
4,aq_score,AQ,10_flow_attitude,Flow attitude,28,-0.2307692307692307,28.102330251437387,-0.23182052275868051,-0.33116696701263132,6.9126281191228294e-09
4,aq_score,AQ,10_flow_attitude,Flow attitude,19,1.7692307692307692,18.93604620353517,1.7670203484464468,-0.33116696701263132,6.9126281191228294e-09
4,aq_score,AQ,10_flow_attitude,Flow attitude,24,2.0769230769230771,23.924803289505252,2.0759805776349824,-0.33116696701263132,6.9126281191228294e-09
4,aq_score,AQ,10_flow_attitude,Flow attitude,22,0.76923076923076927,22.087448690182605,0.75315297098996803,-0.33116696701263132,6.9126281191228294e-09
4,aq_score,AQ,10_flow_attitude,Flow attitude,15,0.92307692307692324,15.170826048718585,0.92199700638787563,-0.33116696701263132,6.9126281191228294e-09
4,aq_score,AQ,10_flow_attitude,Flow attitude,29,0.46153846153846151,29.1521573002154,0.46017884004974557,-0.33116696701263132,6.9126281191228294e-09
4,aq_score,AQ,10_flow_attitude,Flow attitude,12,2.2307692307692308,11.954618042137808,2.2231399486539023,-0.33116696701263132,6.9126281191228294e-09
4,aq_score,AQ,10_flow_attitude,Flow attitude,32,-0.30769230769230771,32.028453214945152,-0.31321710525876789,-0.33116696701263132,6.9126281191228294e-09
4,aq_score,AQ,10_flow_attitude,Flow attitude,19,0.69230769230769229,18.954847024185216,0.70679829273631245,-0.33116696701263132,6.9126281191228294e-09
4,aq_score,AQ,10_flow_attitude,Flow attitude,20,1,19.860126846290324,1.003643262316128,-0.33116696701263132,6.9126281191228294e-09
4,aq_score,AQ,10_flow_attitude,Flow attitude,15,1.5384615384615383,14.951081464079232,1.5550987330103192,-0.33116696701263132,6.9126281191228294e-09
4,aq_score,AQ,10_flow_attitude,Flow attitude,26,0.0769230769230769,25.926380059573887,0.0600557163506268,-0.33116696701263132,6.9126281191228294e-09
4,aq_score,AQ,10_flow_attitude,Flow attitude,33,0.53846153846153844,32.883487581910749,0.53816925234739277,-0.33116696701263132,6.9126281191228294e-09
4,aq_score,AQ,10_flow_attitude,Flow attitude,23,0.2307692307692307,23.133882318516289,0.23870653071837161,-0.33116696701263132,6.9126281191228294e-09
4,aq_score,AQ,10_flow_attitude,Flow attitude,32,-0.61538461538461542,31.845669731163959,-0.61471695334976773,-0.33116696701263132,6.9126281191228294e-09
4,aq_score,AQ,10_flow_attitude,Flow attitude,23,1.2307692307692308,22.99821887774949,1.2346656733644108,-0.33116696701263132,6.9126281191228294e-09
4,aq_score,AQ,10_flow_attitude,Flow attitude,22,0.92307692307692324,22.121268943555918,0.93445745146910197,-0.33116696701263132,6.9126281191228294e-09
4,aq_score,AQ,10_flow_attitude,Flow attitude,13,2.9230769230769229,12.898328909143476,2.9285053889533792,-0.33116696701263132,6.9126281191228294e-09
4,aq_score,AQ,10_flow_attitude,Flow attitude,28,0.30769230769230771,28.066662187784189,0.3200842605257409,-0.33116696701263132,6.9126281191228294e-09
4,aq_score,AQ,10_flow_attitude,Flow attitude,21,1.8461538461538465,21.039077762017715,1.8519501664531643,-0.33116696701263132,6.9126281191228294e-09
4,aq_score,AQ,10_flow_attitude,Flow attitude,19,0.61538461538461542,19.07031696462516,0.63007835868691675,-0.33116696701263132,6.9126281191228294e-09
4,aq_score,AQ,10_flow_attitude,Flow attitude,18,1.7692307692307692,18.162076263616999,1.7581663003293089,-0.33116696701263132,6.9126281191228294e-09
4,aq_score,AQ,10_flow_attitude,Flow attitude,25,0.38461538461538458,25.028171094815548,0.40000620847680141,-0.33116696701263132,6.9126281191228294e-09
4,aq_score,AQ,10_flow_attitude,Flow attitude,21,1.7692307692307692,21.064760552851354,1.784275045267075,-0.33116696701263132,6.9126281191228294e-09
4,aq_score,AQ,10_flow_attitude,Flow attitude,17,1.2307692307692308,16.891501977303662,1.2478956980304534,-0.33116696701263132,6.9126281191228294e-09
4,aq_score,AQ,10_flow_attitude,Flow attitude,19,1.6153846153846154,19.03994672494224,1.6201560451808952,-0.33116696701263132,6.9126281191228294e-09
4,aq_score,AQ,10_flow_attitude,Flow attitude,18,1.3846153846153846,17.998472500109781,1.3921188983293336,-0.33116696701263132,6.9126281191228294e-09
4,aq_score,AQ,10_flow_attitude,Flow attitude,20,1.1538461538461535,19.829000531714691,1.1441269699008969,-0.33116696701263132,6.9126281191228294e-09
4,aq_score,AQ,10_flow_attitude,Flow attitude,20,1.3076923076923077,19.958230013755063,1.3072056785299433,-0.33116696701263132,6.9126281191228294e-09
4,aq_score,AQ,10_flow_attitude,Flow attitude,33,0.92307692307692324,33.083282339274199,0.91948536164589401,-0.33116696701263132,6.9126281191228294e-09
4,aq_score,AQ,10_flow_attitude,Flow attitude,24,0.2307692307692307,23.870014933993112,0.21789400476914289,-0.33116696701263132,6.9126281191228294e-09
4,aq_score,AQ,10_flow_attitude,Flow attitude,13,1.7692307692307692,12.900966635196422,1.7810879929343268,-0.33116696701263132,6.9126281191228294e-09
4,aq_score,AQ,10_flow_attitude,Flow attitude,11,1.5384615384615383,11.016567103235554,1.540079084493744,-0.33116696701263132,6.9126281191228294e-09
4,aq_score,AQ,10_flow_attitude,Flow attitude,22,1.4615384615384617,22.105722077208132,1.4664440108835612,-0.33116696701263132,6.9126281191228294e-09
4,aq_score,AQ,10_flow_attitude,Flow attitude,26,0.2307692307692307,25.924902195319937,0.2471868747199108,-0.33116696701263132,6.9126281191228294e-09
4,aq_score,AQ,10_flow_attitude,Flow attitude,22,0.0769230769230769,21.978864619730786,0.060067940891272403,-0.33116696701263132,6.9126281191228294e-09
4,aq_score,AQ,10_flow_attitude,Flow attitude,21,0.92307692307692324,21.13694084107863,0.92269583542288158,-0.33116696701263132,6.9126281191228294e-09
4,aq_score,AQ,10_flow_attitude,Flow attitude,15,1.6153846153846154,14.832424643868096,1.626493527305328,-0.33116696701263132,6.9126281191228294e-09
4,aq_score,AQ,10_flow_attitude,Flow attitude,26,0.46153846153846151,25.873598599051725,0.46230315509110248,-0.33116696701263132,6.9126281191228294e-09
4,aq_score,AQ,10_flow_attitude,Flow attitude,17,0.53846153846153844,16.885124938105449,0.5292049200802329,-0.33116696701263132,6.9126281191228294e-09
4,aq_score,AQ,10_flow_attitude,Flow attitude,9,0.53846153846153844,8.9725064740970577,0.55540298108386055,-0.33116696701263132,6.9126281191228294e-09
4,aq_score,AQ,10_flow_attitude,Flow attitude,19,0.1538461538461538,18.941939257009786,0.1480132764700548,-0.33116696701263132,6.9126281191228294e-09
5,aq_score,AQ,10_flow_attitude,Flow attitude,26,0.84615384615384615,25.847854998856555,0.85457055943844229,-0.33116696701263132,6.9126281191228294e-09
5,aq_score,AQ,10_flow_attitude,Flow attitude,11,0.53846153846153844,10.869744218401788,0.52868520428405097,-0.33116696701263132,6.9126281191228294e-09
5,aq_score,AQ,10_flow_attitude,Flow attitude,33,0.92307692307692324,33.032854346842001,0.92105670575435716,-0.33116696701263132,6.9126281191228294e-09
5,aq_score,AQ,10_flow_attitude,Flow attitude,17,1.2307692307692308,16.843068434674478,1.2161358499375481,-0.33116696701263132,6.9126281191228294e-09
5,aq_score,AQ,10_flow_attitude,Flow attitude,23,0.61538461538461542,22.895665805157709,0.6224150479088344,-0.33116696701263132,6.9126281191228294e-09
5,aq_score,AQ,10_flow_attitude,Flow attitude,32,0.53846153846153844,31.839981702183721,0.54995484236974257,-0.33116696701263132,6.9126281191228294e-09
5,aq_score,AQ,10_flow_attitude,Flow attitude,21,1.0769230769230769,20.986090641999624,1.0908082779038373,-0.33116696701263132,6.9126281191228294e-09
5,aq_score,AQ,10_flow_attitude,Flow attitude,43,-0.61538461538461542,43.006034059027357,-0.63171951881338873,-0.33116696701263132,6.9126281191228294e-09
5,aq_score,AQ,10_flow_attitude,Flow attitude,34,-0.1538461538461538,33.951963135023945,-0.16383497285230661,-0.33116696701263132,6.9126281191228294e-09
5,aq_score,AQ,10_flow_attitude,Flow attitude,13,0.84615384615384615,13.155132250459411,0.86333413501857781,-0.33116696701263132,6.9126281191228294e-09
5,aq_score,AQ,10_flow_attitude,Flow attitude,34,0.2307692307692307,33.91157053523149,0.23022086104933981,-0.33116696701263132,6.9126281191228294e-09
5,aq_score,AQ,10_flow_attitude,Flow attitude,19,0.46153846153846151,18.846307890528276,0.47305409867076731,-0.33116696701263132,6.9126281191228294e-09
5,aq_score,AQ,10_flow_attitude,Flow attitude,24,-0.1538461538461538,24.074280973836885,-0.15768026570915031,-0.33116696701263132,6.9126281191228294e-09
5,aq_score,AQ,10_flow_attitude,Flow attitude,12,0.76923076923076927,11.986111226449612,0.77001176201547261,-0.33116696701263132,6.9126281191228294e-09
5,aq_score,AQ,10_flow_attitude,Flow attitude,15,2.1538461538461537,14.905188721555939,2.1449268930812453,-0.33116696701263132,6.9126281191228294e-09
5,aq_score,AQ,10_flow_attitude,Flow attitude,17,1.7692307692307692,16.947985057971085,1.7664693516771424,-0.33116696701263132,6.9126281191228294e-09
5,aq_score,AQ,10_flow_attitude,Flow attitude,12,1.8461538461538465,12.140343054514265,1.8639118877047676,-0.33116696701263132,6.9126281191228294e-09
5,aq_score,AQ,10_flow_attitude,Flow attitude,9,2,8.897888632245408,1.9970067915031124,-0.33116696701263132,6.9126281191228294e-09
5,aq_score,AQ,10_flow_attitude,Flow attitude,22,0.53846153846153844,21.857546135818765,0.53410689480763662,-0.33116696701263132,6.9126281191228294e-09
5,aq_score,AQ,10_flow_attitude,Flow attitude,30,1.3076923076923077,30.08560940618511,1.2999300991112519,-0.33116696701263132,6.9126281191228294e-09
5,aq_score,AQ,10_flow_attitude,Flow attitude,29,0.92307692307692324,29.078302011928365,0.92438663851048242,-0.33116696701263132,6.9126281191228294e-09
5,aq_score,AQ,10_flow_attitude,Flow attitude,26,1.6153846153846154,25.896898400249153,1.6210055915737331,-0.33116696701263132,6.9126281191228294e-09
5,aq_score,AQ,10_flow_attitude,Flow attitude,23,2.1538461538461537,22.950243142993315,2.1659600853546417,-0.33116696701263132,6.9126281191228294e-09
5,aq_score,AQ,10_flow_attitude,Flow attitude,25,0.92307692307692324,25.035086588015528,0.93524931627699837,-0.33116696701263132,6.9126281191228294e-09
5,aq_score,AQ,10_flow_attitude,Flow attitude,13,1.2307692307692308,13.168629750687757,1.2202458686269153,-0.33116696701263132,6.9126281191228294e-09
5,aq_score,AQ,10_flow_attitude,Flow attitude,14,1.1538461538461535,14.162481317904328,1.1479842935911602,-0.33116696701263132,6.9126281191228294e-09
5,aq_score,AQ,10_flow_attitude,Flow attitude,28,1.3076923076923077,28.159177652961603,1.3241343342193412,-0.33116696701263132,6.9126281191228294e-09
5,aq_score,AQ,10_flow_attitude,Flow attitude,24,1.3846153846153846,24.039156877675239,1.4026542494762917,-0.33116696701263132,6.9126281191228294e-09
5,aq_score,AQ,10_flow_attitude,Flow attitude,11,1.0769230769230769,10.893497352575006,1.0787956049610197,-0.33116696701263132,6.9126281191228294e-09
5,aq_score,AQ,10_flow_attitude,Flow attitude,18,1.3076923076923077,17.977591876405917,1.3228571888262877,-0.33116696701263132,6.9126281191228294e-09
5,aq_score,AQ,10_flow_attitude,Flow attitude,13,1.4615384615384617,12.992992998247503,1.4660242234916514,-0.33116696701263132,6.9126281191228294e-09
5,aq_score,AQ,10_flow_attitude,Flow attitude,32,1.2307692307692308,32.126350304195562,1.2201057160174344,-0.33116696701263132,6.9126281191228294e-09
5,aq_score,AQ,10_flow_attitude,Flow attitude,10,1.3846153846153846,10.053797698993328,1.3940565142758961,-0.33116696701263132,6.9126281191228294e-09
5,aq_score,AQ,10_flow_attitude,Flow attitude,22,-0.1538461538461538,22.104335068577623,-0.15884591674391099,-0.33116696701263132,6.9126281191228294e-09
5,aq_score,AQ,10_flow_attitude,Flow attitude,13,2.2307692307692308,12.835447611179992,2.2382782444957989,-0.33116696701263132,6.9126281191228294e-09
5,aq_score,AQ,10_flow_attitude,Flow attitude,23,1.0769230769230769,22.860627316913536,1.0713274735818787,-0.33116696701263132,6.9126281191228294e-09
5,aq_score,AQ,10_flow_attitude,Flow attitude,12,0.38461538461538458,12.16576043726104,0.38445658718825498,-0.33116696701263132,6.9126281191228294e-09
5,aq_score,AQ,10_flow_attitude,Flow attitude,25,1.4615384615384617,25.136630750586036,1.4531761599620769,-0.33116696701263132,6.9126281191228294e-09
5,aq_score,AQ,10_flow_attitude,Flow attitude,30,1.0769230769230769,30.032090190211267,1.0682939715281501,-0.33116696701263132,6.9126281191228294e-09
5,aq_score,AQ,10_flow_attitude,Flow attitude,28,0.0769230769230769,28.096015978388628,0.0593127039072135,-0.33116696701263132,6.9126281191228294e-09
5,aq_score,AQ,10_flow_attitude,Flow attitude,14,0.46153846153846151,13.999402233298522,0.44980665951149251,-0.33116696701263132,6.9126281191228294e-09
5,aq_score,AQ,10_flow_attitude,Flow attitude,25,1.2307692307692308,24.84840079537264,1.2176920108728155,-0.33116696701263132,6.9126281191228294e-09
5,aq_score,AQ,10_flow_attitude,Flow attitude,21,1.6153846153846154,20.919190944297402,1.60356110726729,-0.33116696701263132,6.9126281191228294e-09
5,aq_score,AQ,10_flow_attitude,Flow attitude,13,1.6153846153846154,13.141582490782293,1.5988992647199207,-0.33116696701263132,6.9126281191228294e-09
5,aq_score,AQ,10_flow_attitude,Flow attitude,13,0.69230769230769229,12.985357698826723,0.69907798743465321,-0.33116696701263132,6.9126281191228294e-09
5,aq_score,AQ,10_flow_attitude,Flow attitude,16,0.53846153846153844,16.072189590380216,0.52178867028693321,-0.33116696701263132,6.9126281191228294e-09
5,aq_score,AQ,10_flow_attitude,Flow attitude,22,-0.0769230769230769,21.882029406201053,-0.077911478605297804,-0.33116696701263132,6.9126281191228294e-09
5,aq_score,AQ,10_flow_attitude,Flow attitude,17,1.6153846153846154,17.157438859921015,1.6299541466611545,-0.33116696701263132,6.9126281191228294e-09
5,aq_score,AQ,10_flow_attitude,Flow attitude,17,0.92307692307692324,17.133091037346386,0.92813066405159816,-0.33116696701263132,6.9126281191228294e-09
5,aq_score,AQ,10_flow_attitude,Flow attitude,13,1,13.104436229394668,0.98623074259536936,-0.33116696701263132,6.9126281191228294e-09
5,aq_score,AQ,10_flow_attitude,Flow attitude,19,1.3846153846153846,19.080396202474759,1.3980621958458617,-0.33116696701263132,6.9126281191228294e-09
5,aq_score,AQ,10_flow_attitude,Flow attitude,23,1.0769230769230769,22.93398010155839,1.0735315771775225,-0.33116696701263132,6.9126281191228294e-09
5,aq_score,AQ,10_flow_attitude,Flow attitude,33,0.53846153846153844,32.853477453938211,0.5488129224357744,-0.33116696701263132,6.9126281191228294e-09
5,aq_score,AQ,10_flow_attitude,Flow attitude,26,1.0769230769230769,25.9947762987853,1.0671714469535163,-0.33116696701263132,6.9126281191228294e-09
5,aq_score,AQ,10_flow_attitude,Flow attitude,19,1,18.944662482978455,0.99639973946229399,-0.33116696701263132,6.9126281191228294e-09
5,aq_score,AQ,10_flow_attitude,Flow attitude,24,0.30769230769230771,24.033174443666372,0.30923902006314669,-0.33116696701263132,6.9126281191228294e-09
5,aq_score,AQ,10_flow_attitude,Flow attitude,16,1.3846153846153846,16.121412093825452,1.3705601636583151,-0.33116696701263132,6.9126281191228294e-09
5,aq_score,AQ,10_flow_attitude,Flow attitude,16,1.6153846153846154,15.983006819474086,1.6096035132076103,-0.33116696701263132,6.9126281191228294e-09
5,aq_score,AQ,10_flow_attitude,Flow attitude,15,1.4615384615384617,14.88982542199799,1.4743823309843889,-0.33116696701263132,6.9126281191228294e-09
5,aq_score,AQ,10_flow_attitude,Flow attitude,9,1.4615384615384617,9.0677175044792193,1.4681903143889483,-0.33116696701263132,6.9126281191228294e-09
5,aq_score,AQ,10_flow_attitude,Flow attitude,24,-0.2307692307692307,24.076275630209071,-0.23448476810994059,-0.33116696701263132,6.9126281191228294e-09
5,aq_score,AQ,10_flow_attitude,Flow attitude,26,1.3846153846153846,25.889097299849581,1.383284411080415,-0.33116696701263132,6.9126281191228294e-09
5,aq_score,AQ,10_flow_attitude,Flow attitude,22,1.2307692307692308,21.884292890349784,1.2282892146117257,-0.33116696701263132,6.9126281191228294e-09
5,aq_score,AQ,10_flow_attitude,Flow attitude,23,-1.1538461538461535,23.000191864974283,-1.1478602003779861,-0.33116696701263132,6.9126281191228294e-09
5,aq_score,AQ,10_flow_attitude,Flow attitude,12,0.84615384615384615,11.849023581539925,0.84203495529802153,-0.33116696701263132,6.9126281191228294e-09
5,aq_score,AQ,10_flow_attitude,Flow attitude,10,0.46153846153846151,9.9750246168606953,0.45459475269404231,-0.33116696701263132,6.9126281191228294e-09
5,aq_score,AQ,10_flow_attitude,Flow attitude,13,1.2307692307692308,13.162399853451571,1.2189656970639988,-0.33116696701263132,6.9126281191228294e-09
5,aq_score,AQ,10_flow_attitude,Flow attitude,11,1.0769230769230769,10.996528518349663,1.0823508965199009,-0.33116696701263132,6.9126281191228294e-09
5,aq_score,AQ,10_flow_attitude,Flow attitude,32,1.5384615384615383,31.921577620817256,1.5275223649516301,-0.33116696701263132,6.9126281191228294e-09
5,aq_score,AQ,10_flow_attitude,Flow attitude,28,-0.0769230769230769,28.049740181090986,-0.0611791090247591,-0.33116696701263132,6.9126281191228294e-09
5,aq_score,AQ,10_flow_attitude,Flow attitude,22,-0.84615384615384615,21.892043221066267,-0.85506474701260626,-0.33116696701263132,6.9126281191228294e-09
5,aq_score,AQ,10_flow_attitude,Flow attitude,14,1.4615384615384617,14.12051690093238,1.4594784272382022,-0.33116696701263132,6.9126281191228294e-09
5,aq_score,AQ,10_flow_attitude,Flow attitude,15,0.84615384615384615,14.92776731722909,0.84196719564647249,-0.33116696701263132,6.9126281191228294e-09
5,aq_score,AQ,10_flow_attitude,Flow attitude,22,1.1538461538461535,22.024594157608817,1.1591064183291553,-0.33116696701263132,6.9126281191228294e-09
5,aq_score,AQ,10_flow_attitude,Flow attitude,15,2.2307692307692308,14.988030542897254,2.2129607105352038,-0.33116696701263132,6.9126281191228294e-09
5,aq_score,AQ,10_flow_attitude,Flow attitude,14,1.2307692307692308,13.831089126232758,1.2301805332702751,-0.33116696701263132,6.9126281191228294e-09
5,aq_score,AQ,10_flow_attitude,Flow attitude,13,1,13.016394017807796,0.99334586122996482,-0.33116696701263132,6.9126281191228294e-09
5,aq_score,AQ,10_flow_attitude,Flow attitude,22,0.38461538461538458,22.047696988174952,0.38677947760150222,-0.33116696701263132,6.9126281191228294e-09
5,aq_score,AQ,10_flow_attitude,Flow attitude,22,1.6923076923076923,21.841898856432348,1.6910623607681077,-0.33116696701263132,6.9126281191228294e-09
5,aq_score,AQ,10_flow_attitude,Flow attitude,19,1.3846153846153846,19.129404378794444,1.3811403409972949,-0.33116696701263132,6.9126281191228294e-09
5,aq_score,AQ,10_flow_attitude,Flow attitude,17,2.3846153846153846,16.920069440032513,2.3753682107426539,-0.33116696701263132,6.9126281191228294e-09
5,aq_score,AQ,10_flow_attitude,Flow attitude,17,0.1538461538461538,17.148930701235386,0.14827261515790349,-0.33116696701263132,6.9126281191228294e-09
5,aq_score,AQ,10_flow_attitude,Flow attitude,18,1.6153846153846154,17.951767825266593,1.6330120033533544,-0.33116696701263132,6.9126281191228294e-09
5,aq_score,AQ,10_flow_attitude,Flow attitude,26,1.1538461538461535,26.140631523439644,1.1562987937683331,-0.33116696701263132,6.9126281191228294e-09
5,aq_score,AQ,10_flow_attitude,Flow attitude,12,1.3076923076923077,11.974395813247956,1.3143418362028565,-0.33116696701263132,6.9126281191228294e-09
5,aq_score,AQ,10_flow_attitude,Flow attitude,24,1.6153846153846154,23.834762093376906,1.599545466816777,-0.33116696701263132,6.9126281191228294e-09
5,aq_score,AQ,10_flow_attitude,Flow attitude,22,1,22.021123807894998,0.99951609310428402,-0.33116696701263132,6.9126281191228294e-09
5,aq_score,AQ,10_flow_attitude,Flow attitude,21,1.3846153846153846,20.912925551441951,1.3754113127754946,-0.33116696701263132,6.9126281191228294e-09
5,aq_score,AQ,10_flow_attitude,Flow attitude,26,0.69230769230769229,25.921978248462398,0.68885886050832812,-0.33116696701263132,6.9126281191228294e-09
5,aq_score,AQ,10_flow_attitude,Flow attitude,24,0.61538461538461542,23.930772631817842,0.63107469402558092,-0.33116696701263132,6.9126281191228294e-09
5,aq_score,AQ,10_flow_attitude,Flow attitude,22,0.69230769230769229,21.879910126404884,0.70849219707824096,-0.33116696701263132,6.9126281191228294e-09
5,aq_score,AQ,10_flow_attitude,Flow attitude,31,0.76923076923076927,31.081732443825477,0.76888950029845726,-0.33116696701263132,6.9126281191228294e-09
5,aq_score,AQ,10_flow_attitude,Flow attitude,22,1.3076923076923077,21.906066205256167,1.3018847278296928,-0.33116696701263132,6.9126281191228294e-09
5,aq_score,AQ,10_flow_attitude,Flow attitude,22,1.1538461538461535,21.85671626218339,1.1363940655210634,-0.33116696701263132,6.9126281191228294e-09
5,aq_score,AQ,10_flow_attitude,Flow attitude,13,1.6923076923076923,13.062553443844916,1.6854523098500251,-0.33116696701263132,6.9126281191228294e-09
5,aq_score,AQ,10_flow_attitude,Flow attitude,18,1.2307692307692308,17.901682913674041,1.2164908150437437,-0.33116696701263132,6.9126281191228294e-09
5,aq_score,AQ,10_flow_attitude,Flow attitude,31,-0.2307692307692307,30.903002084399898,-0.22280102667752039,-0.33116696701263132,6.9126281191228294e-09
5,aq_score,AQ,10_flow_attitude,Flow attitude,31,0.61538461538461542,30.951676369088091,0.6293966462054229,-0.33116696701263132,6.9126281191228294e-09
5,aq_score,AQ,10_flow_attitude,Flow attitude,30,0.30769230769230771,29.872765045497804,0.30828107646088149,-0.33116696701263132,6.9126281191228294e-09
5,aq_score,AQ,10_flow_attitude,Flow attitude,21,1.1538461538461535,21.045543477339681,1.1711264320176582,-0.33116696701263132,6.9126281191228294e-09
5,aq_score,AQ,10_flow_attitude,Flow attitude,26,0.69230769230769229,25.932574822277964,0.68931793624264637,-0.33116696701263132,6.9126281191228294e-09
5,aq_score,AQ,10_flow_attitude,Flow attitude,21,0.46153846153846151,21.039497951476658,0.45619504413301321,-0.33116696701263132,6.9126281191228294e-09
5,aq_score,AQ,10_flow_attitude,Flow attitude,21,1.8461538461538465,21.021257854999305,1.8490882314224928,-0.33116696701263132,6.9126281191228294e-09
5,aq_score,AQ,10_flow_attitude,Flow attitude,23,1.3846153846153846,22.910141983763975,1.3769127105416268,-0.33116696701263132,6.9126281191228294e-09
5,aq_score,AQ,10_flow_attitude,Flow attitude,34,0.84615384615384615,34.095358483072488,0.85410474680672743,-0.33116696701263132,6.9126281191228294e-09
5,aq_score,AQ,10_flow_attitude,Flow attitude,40,1.3846153846153846,40.019769298557343,1.3889312243653611,-0.33116696701263132,6.9126281191228294e-09
5,aq_score,AQ,10_flow_attitude,Flow attitude,25,1.0769230769230769,24.979097800847931,1.0850135610385725,-0.33116696701263132,6.9126281191228294e-09
5,aq_score,AQ,10_flow_attitude,Flow attitude,12,1.4615384615384617,12.087917229202974,1.4668001087842175,-0.33116696701263132,6.9126281191228294e-09
5,aq_score,AQ,10_flow_attitude,Flow attitude,26,1.0769230769230769,26.124007342653247,1.0919086791848691,-0.33116696701263132,6.9126281191228294e-09
5,aq_score,AQ,10_flow_attitude,Flow attitude,23,1.1538461538461535,22.865381821602039,1.1460336701789609,-0.33116696701263132,6.9126281191228294e-09
5,aq_score,AQ,10_flow_attitude,Flow attitude,22,0.61538461538461542,22.052650396539573,0.60700436541830249,-0.33116696701263132,6.9126281191228294e-09
5,aq_score,AQ,10_flow_attitude,Flow attitude,20,0.84615384615384615,19.937060655755396,0.83151654268598307,-0.33116696701263132,6.9126281191228294e-09
5,aq_score,AQ,10_flow_attitude,Flow attitude,23,0.69230769230769229,23.024246399041367,0.68541671635131118,-0.33116696701263132,6.9126281191228294e-09
5,aq_score,AQ,10_flow_attitude,Flow attitude,22,0.76923076923076927,21.857343448815879,0.75127185968921129,-0.33116696701263132,6.9126281191228294e-09
5,aq_score,AQ,10_flow_attitude,Flow attitude,21,0.84615384615384615,21.038478893728403,0.82797831513327036,-0.33116696701263132,6.9126281191228294e-09
5,aq_score,AQ,10_flow_attitude,Flow attitude,12,1.5384615384615383,11.985740868062262,1.5374644897435381,-0.33116696701263132,6.9126281191228294e-09
5,aq_score,AQ,10_flow_attitude,Flow attitude,30,0.92307692307692324,29.98594109116387,0.93843819117063743,-0.33116696701263132,6.9126281191228294e-09
5,aq_score,AQ,10_flow_attitude,Flow attitude,30,1.6153846153846154,29.869057401018615,1.6146647267569181,-0.33116696701263132,6.9126281191228294e-09
5,aq_score,AQ,10_flow_attitude,Flow attitude,14,0.69230769230769229,14.097595523589071,0.70716899334559025,-0.33116696701263132,6.9126281191228294e-09
5,aq_score,AQ,10_flow_attitude,Flow attitude,14,1.6153846153846154,13.902753616820338,1.6248111338137368,-0.33116696701263132,6.9126281191228294e-09
5,aq_score,AQ,10_flow_attitude,Flow attitude,22,0.2307692307692307,22.128869089256728,0.23739809367712331,-0.33116696701263132,6.9126281191228294e-09
5,aq_score,AQ,10_flow_attitude,Flow attitude,21,0.38461538461538458,20.872849874162156,0.38339599378408101,-0.33116696701263132,6.9126281191228294e-09
5,aq_score,AQ,10_flow_attitude,Flow attitude,20,-0.0769230769230769,19.845739904692039,-0.066703897601116599,-0.33116696701263132,6.9126281191228294e-09
5,aq_score,AQ,10_flow_attitude,Flow attitude,13,1.6153846153846154,13.052098859132006,1.620429866684818,-0.33116696701263132,6.9126281191228294e-09
5,aq_score,AQ,10_flow_attitude,Flow attitude,24,1.5384615384615383,23.935741272179719,1.5262982576820872,-0.33116696701263132,6.9126281191228294e-09
5,aq_score,AQ,10_flow_attitude,Flow attitude,21,1.2307692307692308,21.123336572678294,1.225656707639045,-0.33116696701263132,6.9126281191228294e-09
5,aq_score,AQ,10_flow_attitude,Flow attitude,25,0.76923076923076927,25.130541254701924,0.77086946841426363,-0.33116696701263132,6.9126281191228294e-09
5,aq_score,AQ,10_flow_attitude,Flow attitude,18,1.7692307692307692,18.041686103858481,1.780632424237415,-0.33116696701263132,6.9126281191228294e-09
5,aq_score,AQ,10_flow_attitude,Flow attitude,27,0.76923076923076927,27.137662177417056,0.76993051047855099,-0.33116696701263132,6.9126281191228294e-09
5,aq_score,AQ,10_flow_attitude,Flow attitude,30,0.53846153846153844,29.969800129917697,0.54410841733375326,-0.33116696701263132,6.9126281191228294e-09
5,aq_score,AQ,10_flow_attitude,Flow attitude,17,2.3846153846153846,16.886572814850545,2.3812469756546575,-0.33116696701263132,6.9126281191228294e-09
2,4_nf_daily,Daily familiarity,10_flow_attitude,Flow attitude,0.75,0.25,0.75156980688047792,0.24039288980307599,-0.074481756856145803,0.19603391295357381
2,4_nf_daily,Daily familiarity,10_flow_attitude,Flow attitude,0,1.25,0.0101672638827377,1.2394176191026578,-0.074481756856145803,0.19603391295357381
2,4_nf_daily,Daily familiarity,10_flow_attitude,Flow attitude,0.125,0.91666666666666663,0.1084827227208654,0.91530301540849124,-0.074481756856145803,0.19603391295357381
2,4_nf_daily,Daily familiarity,10_flow_attitude,Flow attitude,0.5,0.5,0.48078108048012103,0.51046298273482571,-0.074481756856145803,0.19603391295357381
2,4_nf_daily,Daily familiarity,10_flow_attitude,Flow attitude,1.75,1.5833333333333333,1.7541669886804487,1.5868469893170067,-0.074481756856145803,0.19603391295357381
2,4_nf_daily,Daily familiarity,10_flow_attitude,Flow attitude,0,2.4166666666666665,0.018423270318646202,2.4138145513397435,-0.074481756856145803,0.19603391295357381
2,4_nf_daily,Daily familiarity,10_flow_attitude,Flow attitude,-0.125,1.3333333333333333,-0.11773965565306869,1.351266959578753,-0.074481756856145803,0.19603391295357381
2,4_nf_daily,Daily familiarity,10_flow_attitude,Flow attitude,0,1.0833333333333333,-0.026486806603320999,1.0697324930509529,-0.074481756856145803,0.19603391295357381
2,4_nf_daily,Daily familiarity,10_flow_attitude,Flow attitude,0.25,1.9166666666666667,0.26543767955931619,1.9118473304750363,-0.074481756856145803,0.19603391295357381
2,4_nf_daily,Daily familiarity,10_flow_attitude,Flow attitude,0.875,1.25,0.87141620534998609,1.2567487109281263,-0.074481756856145803,0.19603391295357381
2,4_nf_daily,Daily familiarity,10_flow_attitude,Flow attitude,1.125,0.83333333333333337,1.1263492343676764,0.84914272443558381,-0.074481756856145803,0.19603391295357381
2,4_nf_daily,Daily familiarity,10_flow_attitude,Flow attitude,0.5,1.0833333333333333,0.48121280837915748,1.0929805064360822,-0.074481756856145803,0.19603391295357381
2,4_nf_daily,Daily familiarity,10_flow_attitude,Flow attitude,0.75,0.66666666666666663,0.74222195512570732,0.68261610641231418,-0.074481756856145803,0.19603391295357381
2,4_nf_daily,Daily familiarity,10_flow_attitude,Flow attitude,2.75,1.4166666666666667,2.7589523686736732,1.4122226007169307,-0.074481756856145803,0.19603391295357381
2,4_nf_daily,Daily familiarity,10_flow_attitude,Flow attitude,1.5,0.25,1.5184372217253543,0.25159803555793631,-0.074481756856145803,0.19603391295357381
2,4_nf_daily,Daily familiarity,10_flow_attitude,Flow attitude,0.625,0.66666666666666663,0.62322169350267642,0.68037811401075621,-0.074481756856145803,0.19603391295357381
2,4_nf_daily,Daily familiarity,10_flow_attitude,Flow attitude,-0.875,0.41666666666666669,-0.8720541348429286,0.39945078821416508,-0.074481756856145803,0.19603391295357381
2,4_nf_daily,Daily familiarity,10_flow_attitude,Flow attitude,1.125,0.83333333333333337,1.1367010175114951,0.82376059083798026,-0.074481756856145803,0.19603391295357381
2,4_nf_daily,Daily familiarity,10_flow_attitude,Flow attitude,-1,1.5,-0.98635083878419538,1.5128462117963857,-0.074481756856145803,0.19603391295357381
2,4_nf_daily,Daily familiarity,10_flow_attitude,Flow attitude,-0.25,2.0833333333333335,-0.23663513542710651,2.066828239501906,-0.074481756856145803,0.19603391295357381
2,4_nf_daily,Daily familiarity,10_flow_attitude,Flow attitude,-0.5,1.8333333333333333,-0.49936160465769269,1.8224221706329375,-0.074481756856145803,0.19603391295357381
2,4_nf_daily,Daily familiarity,10_flow_attitude,Flow attitude,-0.5,1.25,-0.52167806690846219,1.2403546338811331,-0.074481756856145803,0.19603391295357381
2,4_nf_daily,Daily familiarity,10_flow_attitude,Flow attitude,0,0.83333333333333337,-0.010856027740226599,0.82791171700872945,-0.074481756856145803,0.19603391295357381
2,4_nf_daily,Daily familiarity,10_flow_attitude,Flow attitude,2.375,1.1666666666666667,2.3675305060165353,1.1503093045591339,-0.074481756856145803,0.19603391295357381
3,4_nf_daily,Daily familiarity,10_flow_attitude,Flow attitude,0.875,0.5,0.89036773880905085,0.50751805361564051,-0.074481756856145803,0.19603391295357381
3,4_nf_daily,Daily familiarity,10_flow_attitude,Flow attitude,1.5,0.83333333333333337,1.4759577800575607,0.83746965028508058,-0.074481756856145803,0.19603391295357381
3,4_nf_daily,Daily familiarity,10_flow_attitude,Flow attitude,0.125,-0.25,0.1458302100236045,-0.25012024265522459,-0.074481756856145803,0.19603391295357381
3,4_nf_daily,Daily familiarity,10_flow_attitude,Flow attitude,0.75,1.5,0.77361269374586183,1.4927249795872433,-0.074481756856145803,0.19603391295357381
3,4_nf_daily,Daily familiarity,10_flow_attitude,Flow attitude,-0.875,1.5,-0.87096855205540036,1.5155118687507636,-0.074481756856145803,0.19603391295357381
3,4_nf_daily,Daily familiarity,10_flow_attitude,Flow attitude,0.625,1.75,0.64909330254294328,1.7632848990904899,-0.074481756856145803,0.19603391295357381
3,4_nf_daily,Daily familiarity,10_flow_attitude,Flow attitude,0.5,0.66666666666666663,0.4785992775957883,0.66584704600242262,-0.074481756856145803,0.19603391295357381
3,4_nf_daily,Daily familiarity,10_flow_attitude,Flow attitude,1.5,1.0833333333333333,1.4828834789025946,1.0877359978828749,-0.074481756856145803,0.19603391295357381
3,4_nf_daily,Daily familiarity,10_flow_attitude,Flow attitude,-0.875,0.83333333333333337,-0.88574274513906026,0.83950145276726607,-0.074481756856145803,0.19603391295357381
3,4_nf_daily,Daily familiarity,10_flow_attitude,Flow attitude,2,0.91666666666666663,2.009075133169516,0.90382261318881485,-0.074481756856145803,0.19603391295357381
3,4_nf_daily,Daily familiarity,10_flow_attitude,Flow attitude,1.875,1.5,1.8996636906898152,1.4864186268965591,-0.074481756856145803,0.19603391295357381
3,4_nf_daily,Daily familiarity,10_flow_attitude,Flow attitude,-1.625,1.75,-1.6393387745935684,1.7682303325244009,-0.074481756856145803,0.19603391295357381
3,4_nf_daily,Daily familiarity,10_flow_attitude,Flow attitude,0,0.41666666666666669,0.0088382316327997,0.40930272385434968,-0.074481756856145803,0.19603391295357381
3,4_nf_daily,Daily familiarity,10_flow_attitude,Flow attitude,1.5,1.4166666666666667,1.5199895018607756,1.4009355422705421,-0.074481756856145803,0.19603391295357381
3,4_nf_daily,Daily familiarity,10_flow_attitude,Flow attitude,0.5,0.33333333333333331,0.52571390945285223,0.3384733684946275,-0.074481756856145803,0.19603391295357381
3,4_nf_daily,Daily familiarity,10_flow_attitude,Flow attitude,0.625,1.5833333333333333,0.62754097808819398,1.5939167598687738,-0.074481756856145803,0.19603391295357381
3,4_nf_daily,Daily familiarity,10_flow_attitude,Flow attitude,-0.75,-0.41666666666666669,-0.75342181866952096,-0.41818022487330508,-0.074481756856145803,0.19603391295357381
3,4_nf_daily,Daily familiarity,10_flow_attitude,Flow attitude,0,0.1666666666666666,-0.0024707278946312999,0.164821534837715,-0.074481756856145803,0.19603391295357381
3,4_nf_daily,Daily familiarity,10_flow_attitude,Flow attitude,0.875,1.25,0.85667325483181089,1.2330938646931564,-0.074481756856145803,0.19603391295357381
3,4_nf_daily,Daily familiarity,10_flow_attitude,Flow attitude,-0.625,2.1666666666666665,-0.61333783470454561,2.1519348677911623,-0.074481756856145803,0.19603391295357381
3,4_nf_daily,Daily familiarity,10_flow_attitude,Flow attitude,0.375,1.5,0.37560757034850362,1.4947235360518278,-0.074481756856145803,0.19603391295357381
3,4_nf_daily,Daily familiarity,10_flow_attitude,Flow attitude,0.125,1.0833333333333333,0.14642764325545801,1.0787000622991465,-0.074481756856145803,0.19603391295357381
4,4_nf_daily,Daily familiarity,10_flow_attitude,Flow attitude,0.375,1.2307692307692308,0.38969593310374939,1.2491057150446747,-0.074481756856145803,0.19603391295357381
4,4_nf_daily,Daily familiarity,10_flow_attitude,Flow attitude,-0.375,0.2307692307692307,-0.39993963717235748,0.22367320773493629,-0.074481756856145803,0.19603391295357381
4,4_nf_daily,Daily familiarity,10_flow_attitude,Flow attitude,2.25,1.8461538461538465,2.2758521097613378,1.837211147643244,-0.074481756856145803,0.19603391295357381
4,4_nf_daily,Daily familiarity,10_flow_attitude,Flow attitude,0.625,1.9230769230769231,0.62228963996139153,1.9259375003591863,-0.074481756856145803,0.19603391295357381
4,4_nf_daily,Daily familiarity,10_flow_attitude,Flow attitude,1.375,0.84615384615384615,1.3955838881557574,0.8302463726895466,-0.074481756856145803,0.19603391295357381
4,4_nf_daily,Daily familiarity,10_flow_attitude,Flow attitude,-0.5,0.92307692307692324,-0.51295223248099664,0.9302163732007348,-0.074481756856145803,0.19603391295357381
4,4_nf_daily,Daily familiarity,10_flow_attitude,Flow attitude,0.25,1.4615384615384617,0.27462783641138527,1.4517589336300361,-0.074481756856145803,0.19603391295357381
4,4_nf_daily,Daily familiarity,10_flow_attitude,Flow attitude,0.625,2.3846153846153846,0.59844890797174843,2.3744778987429949,-0.074481756856145803,0.19603391295357381
4,4_nf_daily,Daily familiarity,10_flow_attitude,Flow attitude,1,0.2307692307692307,1.0251919242556675,0.2277780849565878,-0.074481756856145803,0.19603391295357381
4,4_nf_daily,Daily familiarity,10_flow_attitude,Flow attitude,-0.5,1.6153846153846154,-0.4798642536528942,1.6252967086756196,-0.074481756856145803,0.19603391295357381
4,4_nf_daily,Daily familiarity,10_flow_attitude,Flow attitude,1.5,1.3076923076923077,1.4795875861906096,1.3136350380168462,-0.074481756856145803,0.19603391295357381
4,4_nf_daily,Daily familiarity,10_flow_attitude,Flow attitude,-0.75,1.5384615384615383,-0.75508710271708102,1.5306305059136895,-0.074481756856145803,0.19603391295357381
4,4_nf_daily,Daily familiarity,10_flow_attitude,Flow attitude,-1,0.92307692307692324,-0.99677630510610715,0.94137121243470057,-0.074481756856145803,0.19603391295357381
4,4_nf_daily,Daily familiarity,10_flow_attitude,Flow attitude,1.375,1.1538461538461535,1.3797694253049542,1.1604255844879787,-0.074481756856145803,0.19603391295357381
4,4_nf_daily,Daily familiarity,10_flow_attitude,Flow attitude,2.125,1.3846153846153846,2.1245103954250686,1.392517347095845,-0.074481756856145803,0.19603391295357381
4,4_nf_daily,Daily familiarity,10_flow_attitude,Flow attitude,0.875,2.6153846153846154,0.85625609612953202,2.6087853685305058,-0.074481756856145803,0.19603391295357381
4,4_nf_daily,Daily familiarity,10_flow_attitude,Flow attitude,2,2.5384615384615383,1.9996119057039448,2.5384911444106075,-0.074481756856145803,0.19603391295357381
4,4_nf_daily,Daily familiarity,10_flow_attitude,Flow attitude,1.5,0.92307692307692324,1.5073006335380239,0.90610875906061683,-0.074481756856145803,0.19603391295357381
4,4_nf_daily,Daily familiarity,10_flow_attitude,Flow attitude,0.75,0.2307692307692307,0.76359695940958938,0.2306163572138811,-0.074481756856145803,0.19603391295357381
4,4_nf_daily,Daily familiarity,10_flow_attitude,Flow attitude,2.625,0.61538461538461542,2.6204379690451747,0.60796766877088138,-0.074481756856145803,0.19603391295357381
4,4_nf_daily,Daily familiarity,10_flow_attitude,Flow attitude,0.375,0.38461538461538458,0.36816062335761179,0.39693109414694933,-0.074481756856145803,0.19603391295357381
4,4_nf_daily,Daily familiarity,10_flow_attitude,Flow attitude,-0.25,2.7692307692307692,-0.24083864199957331,2.7649217869677507,-0.074481756856145803,0.19603391295357381
4,4_nf_daily,Daily familiarity,10_flow_attitude,Flow attitude,1,1.0769230769230769,0.9968416910222736,1.0631718835066728,-0.074481756856145803,0.19603391295357381
4,4_nf_daily,Daily familiarity,10_flow_attitude,Flow attitude,-0.375,0.84615384615384615,-0.39482819710336892,0.85085855017236223,-0.074481756856145803,0.19603391295357381
4,4_nf_daily,Daily familiarity,10_flow_attitude,Flow attitude,-0.625,-0.30769230769230771,-0.60851659611738163,-0.30250829653196759,-0.074481756856145803,0.19603391295357381
4,4_nf_daily,Daily familiarity,10_flow_attitude,Flow attitude,1.25,1.0769230769230769,1.2729040544235759,1.0589959039083547,-0.074481756856145803,0.19603391295357381
4,4_nf_daily,Daily familiarity,10_flow_attitude,Flow attitude,1,1.1538461538461535,0.9901088098054468,1.1501390928307051,-0.074481756856145803,0.19603391295357381
4,4_nf_daily,Daily familiarity,10_flow_attitude,Flow attitude,-0.5,1.9230769230769231,-0.5068365343094775,1.9343232533036856,-0.074481756856145803,0.19603391295357381
4,4_nf_daily,Daily familiarity,10_flow_attitude,Flow attitude,0.125,0.61538461538461542,0.138142849042899,0.61834786425345278,-0.074481756856145803,0.19603391295357381
4,4_nf_daily,Daily familiarity,10_flow_attitude,Flow attitude,1.5,-0.0769230769230769,1.4840961867754756,-0.076744479031903901,-0.074481756856145803,0.19603391295357381
4,4_nf_daily,Daily familiarity,10_flow_attitude,Flow attitude,1.125,0.69230769230769229,1.1276465105627558,0.69021133906664067,-0.074481756856145803,0.19603391295357381
4,4_nf_daily,Daily familiarity,10_flow_attitude,Flow attitude,0.875,1.0769230769230769,0.87534508561640467,1.0605026523227588,-0.074481756856145803,0.19603391295357381
4,4_nf_daily,Daily familiarity,10_flow_attitude,Flow attitude,1,1.1538461538461535,1.011437412236744,1.1597701774247289,-0.074481756856145803,0.19603391295357381
4,4_nf_daily,Daily familiarity,10_flow_attitude,Flow attitude,0.5,1,0.4745257902742534,1.0057574241929623,-0.074481756856145803,0.19603391295357381
4,4_nf_daily,Daily familiarity,10_flow_attitude,Flow attitude,0,0.1538461538461538,-0.021784391277845198,0.16440949461206181,-0.074481756856145803,0.19603391295357381
4,4_nf_daily,Daily familiarity,10_flow_attitude,Flow attitude,2.5,1,2.5267249454172531,1.0092228248210815,-0.074481756856145803,0.19603391295357381
4,4_nf_daily,Daily familiarity,10_flow_attitude,Flow attitude,0.375,1.5384615384615383,0.35954755836809571,1.5312575624751137,-0.074481756856145803,0.19603391295357381
4,4_nf_daily,Daily familiarity,10_flow_attitude,Flow attitude,2,1,1.9965305495323875,0.99048554840268399,-0.074481756856145803,0.19603391295357381
4,4_nf_daily,Daily familiarity,10_flow_attitude,Flow attitude,-0.625,1.7692307692307692,-0.60738944861168909,1.7717122713987654,-0.074481756856145803,0.19603391295357381
4,4_nf_daily,Daily familiarity,10_flow_attitude,Flow attitude,0.125,0.76923076923076927,0.12192428146015399,0.7851895077974983,-0.074481756856145803,0.19603391295357381
4,4_nf_daily,Daily familiarity,10_flow_attitude,Flow attitude,0,1.0769230769230769,0.018119425729950001,1.0594073648483735,-0.074481756856145803,0.19603391295357381
4,4_nf_daily,Daily familiarity,10_flow_attitude,Flow attitude,0.375,0.1538461538461538,0.38058558040178969,0.13718610674824999,-0.074481756856145803,0.19603391295357381
4,4_nf_daily,Daily familiarity,10_flow_attitude,Flow attitude,0.875,0.61538461538461542,0.8665853290559058,0.60097308379715952,-0.074481756856145803,0.19603391295357381
4,4_nf_daily,Daily familiarity,10_flow_attitude,Flow attitude,0.125,1.4615384615384617,0.121588949554682,1.4612859204737136,-0.074481756856145803,0.19603391295357381
4,4_nf_daily,Daily familiarity,10_flow_attitude,Flow attitude,0.5,1.5384615384615383,0.48537217842106961,1.5520593003591734,-0.074481756856145803,0.19603391295357381
4,4_nf_daily,Daily familiarity,10_flow_attitude,Flow attitude,3,1.8461538461538465,2.9778111502151741,1.8548700037007004,-0.074481756856145803,0.19603391295357381
4,4_nf_daily,Daily familiarity,10_flow_attitude,Flow attitude,0.75,-0.61538461538461542,0.77013811225132878,-0.61223259644052253,-0.074481756856145803,0.19603391295357381
4,4_nf_daily,Daily familiarity,10_flow_attitude,Flow attitude,-0.25,0.0769230769230769,-0.23482444196436919,0.065900284738144799,-0.074481756856145803,0.19603391295357381
4,4_nf_daily,Daily familiarity,10_flow_attitude,Flow attitude,2.125,1.0769230769230769,2.1133444787895743,1.064037975727163,-0.074481756856145803,0.19603391295357381
4,4_nf_daily,Daily familiarity,10_flow_attitude,Flow attitude,-0.625,0.30769230769230771,-0.61598335502839108,0.29153891321070158,-0.074481756856145803,0.19603391295357381
4,4_nf_daily,Daily familiarity,10_flow_attitude,Flow attitude,1.875,1.8461538461538465,1.901834926173664,1.8360888911945952,-0.074481756856145803,0.19603391295357381
4,4_nf_daily,Daily familiarity,10_flow_attitude,Flow attitude,-0.875,0.69230769230769229,-0.90062336075375815,0.69526888623498362,-0.074481756856145803,0.19603391295357381
4,4_nf_daily,Daily familiarity,10_flow_attitude,Flow attitude,-0.25,0.76923076923076927,-0.25363144250349101,0.75848290703591259,-0.074481756856145803,0.19603391295357381
4,4_nf_daily,Daily familiarity,10_flow_attitude,Flow attitude,-0.375,1.3846153846153846,-0.39071434546472061,1.3886648735483462,-0.074481756856145803,0.19603391295357381
4,4_nf_daily,Daily familiarity,10_flow_attitude,Flow attitude,0.375,2.6153846153846154,0.37465342526015089,2.6043502095032767,-0.074481756856145803,0.19603391295357381
4,4_nf_daily,Daily familiarity,10_flow_attitude,Flow attitude,1.125,2.2307692307692308,1.1157044239107978,2.2349924368209297,-0.074481756856145803,0.19603391295357381
4,4_nf_daily,Daily familiarity,10_flow_attitude,Flow attitude,0.25,1.3846153846153846,0.271983917884766,1.3841921747526624,-0.074481756856145803,0.19603391295357381
4,4_nf_daily,Daily familiarity,10_flow_attitude,Flow attitude,0.125,1,0.1243494080250182,1.0179403763297259,-0.074481756856145803,0.19603391295357381
4,4_nf_daily,Daily familiarity,10_flow_attitude,Flow attitude,1.375,1.7692307692307692,1.3564609277695976,1.778827681204499,-0.074481756856145803,0.19603391295357381
4,4_nf_daily,Daily familiarity,10_flow_attitude,Flow attitude,0.875,1.1538461538461535,0.86684732598941794,1.1532620945674563,-0.074481756856145803,0.19603391295357381
4,4_nf_daily,Daily familiarity,10_flow_attitude,Flow attitude,0.25,1.3846153846153846,0.2437424955243431,1.3815349035592006,-0.074481756856145803,0.19603391295357381
4,4_nf_daily,Daily familiarity,10_flow_attitude,Flow attitude,1.5,1.2307692307692308,1.4866404748859725,1.2239304171602947,-0.074481756856145803,0.19603391295357381
4,4_nf_daily,Daily familiarity,10_flow_attitude,Flow attitude,0.5,1.8461538461538465,0.4822439039042507,1.85080795454249,-0.074481756856145803,0.19603391295357381
4,4_nf_daily,Daily familiarity,10_flow_attitude,Flow attitude,1.625,0.61538461538461542,1.6447556074693646,0.62990299345264655,-0.074481756856145803,0.19603391295357381
4,4_nf_daily,Daily familiarity,10_flow_attitude,Flow attitude,0.5,1.4615384615384617,0.4818269151313912,1.4775170649127274,-0.074481756856145803,0.19603391295357381
4,4_nf_daily,Daily familiarity,10_flow_attitude,Flow attitude,1.875,1,1.877540286293196,1.0034768753066752,-0.074481756856145803,0.19603391295357381
4,4_nf_daily,Daily familiarity,10_flow_attitude,Flow attitude,0.625,2,0.6480998625705835,2.0044402025355659,-0.074481756856145803,0.19603391295357381
4,4_nf_daily,Daily familiarity,10_flow_attitude,Flow attitude,1.5,1.4615384615384617,1.5079881663545691,1.4632942015388497,-0.074481756856145803,0.19603391295357381
4,4_nf_daily,Daily familiarity,10_flow_attitude,Flow attitude,1.125,0.92307692307692324,1.137043541241572,0.92483961947096804,-0.074481756856145803,0.19603391295357381
4,4_nf_daily,Daily familiarity,10_flow_attitude,Flow attitude,0.375,1.6153846153846154,0.36064003196945349,1.5971732691257583,-0.074481756856145803,0.19603391295357381
4,4_nf_daily,Daily familiarity,10_flow_attitude,Flow attitude,-0.25,1.9230769230769231,-0.27398322557756588,1.9117152241098183,-0.074481756856145803,0.19603391295357381
4,4_nf_daily,Daily familiarity,10_flow_attitude,Flow attitude,1.625,-0.2307692307692307,1.6296690629016193,-0.22833534455922319,-0.074481756856145803,0.19603391295357381
4,4_nf_daily,Daily familiarity,10_flow_attitude,Flow attitude,-0.375,0.30769230769230771,-0.37115915082733969,0.30731304916949009,-0.074481756856145803,0.19603391295357381
4,4_nf_daily,Daily familiarity,10_flow_attitude,Flow attitude,0.25,0.84615384615384615,0.26013426738284717,0.86135247182129571,-0.074481756856145803,0.19603391295357381
4,4_nf_daily,Daily familiarity,10_flow_attitude,Flow attitude,0.875,0.46153846153846151,0.89274067672754009,0.44884901203202637,-0.074481756856145803,0.19603391295357381
4,4_nf_daily,Daily familiarity,10_flow_attitude,Flow attitude,0,0.30769230769230771,-0.014209609261574,0.30205434280740517,-0.074481756856145803,0.19603391295357381
4,4_nf_daily,Daily familiarity,10_flow_attitude,Flow attitude,0.375,0.53846153846153844,0.40076441461906581,0.54255298547220565,-0.074481756856145803,0.19603391295357381
4,4_nf_daily,Daily familiarity,10_flow_attitude,Flow attitude,-0.625,2.2307692307692308,-0.64699392163757585,2.234891876960035,-0.074481756856145803,0.19603391295357381
4,4_nf_daily,Daily familiarity,10_flow_attitude,Flow attitude,-0.125,1.6923076923076923,-0.11977421625659559,1.7071215589803539,-0.074481756856145803,0.19603391295357381
4,4_nf_daily,Daily familiarity,10_flow_attitude,Flow attitude,-0.75,1.2307692307692308,-0.77253066127284409,1.2464610781594161,-0.074481756856145803,0.19603391295357381
4,4_nf_daily,Daily familiarity,10_flow_attitude,Flow attitude,-1.125,0.92307692307692324,-1.1399596746887866,0.91060594251889537,-0.074481756856145803,0.19603391295357381
4,4_nf_daily,Daily familiarity,10_flow_attitude,Flow attitude,-0.25,0.61538461538461542,-0.2762782990477976,0.63196066535032813,-0.074481756856145803,0.19603391295357381
4,4_nf_daily,Daily familiarity,10_flow_attitude,Flow attitude,-1.625,1,-1.629116280975099,0.98172630665912097,-0.074481756856145803,0.19603391295357381
4,4_nf_daily,Daily familiarity,10_flow_attitude,Flow attitude,-1.5,1.8461538461538465,-1.4736004172992436,1.8564590400892009,-0.074481756856145803,0.19603391295357381
4,4_nf_daily,Daily familiarity,10_flow_attitude,Flow attitude,1,-0.2307692307692307,1.0121281266912838,-0.23182052275868051,-0.074481756856145803,0.19603391295357381
4,4_nf_daily,Daily familiarity,10_flow_attitude,Flow attitude,2.5,1.7692307692307692,2.480768630470735,1.7670203484464468,-0.074481756856145803,0.19603391295357381
4,4_nf_daily,Daily familiarity,10_flow_attitude,Flow attitude,-1.375,2.0769230769230771,-1.3555822361046621,2.0759805776349824,-0.074481756856145803,0.19603391295357381
4,4_nf_daily,Daily familiarity,10_flow_attitude,Flow attitude,0.25,0.76923076923076927,0.25245064812950568,0.75315297098996803,-0.074481756856145803,0.19603391295357381
4,4_nf_daily,Daily familiarity,10_flow_attitude,Flow attitude,-0.875,0.92307692307692324,-0.88604449852461298,0.92199700638787563,-0.074481756856145803,0.19603391295357381
4,4_nf_daily,Daily familiarity,10_flow_attitude,Flow attitude,1,0.46153846153846151,0.99459879786744865,0.46017884004974557,-0.074481756856145803,0.19603391295357381
4,4_nf_daily,Daily familiarity,10_flow_attitude,Flow attitude,-3,2.2307692307692308,-3.0197366542681969,2.2231399486539023,-0.074481756856145803,0.19603391295357381
4,4_nf_daily,Daily familiarity,10_flow_attitude,Flow attitude,0.625,-0.30769230769230771,0.62038154661474876,-0.31321710525876789,-0.074481756856145803,0.19603391295357381
4,4_nf_daily,Daily familiarity,10_flow_attitude,Flow attitude,-0.25,0.69230769230769229,-0.25488819191228329,0.70679829273631245,-0.074481756856145803,0.19603391295357381
4,4_nf_daily,Daily familiarity,10_flow_attitude,Flow attitude,1.125,1,1.1124276504618691,1.003643262316128,-0.074481756856145803,0.19603391295357381
4,4_nf_daily,Daily familiarity,10_flow_attitude,Flow attitude,0,1.5384615384615383,0.0020464908142806002,1.5550987330103192,-0.074481756856145803,0.19603391295357381
4,4_nf_daily,Daily familiarity,10_flow_attitude,Flow attitude,0.25,0.0769230769230769,0.2513715514346726,0.0600557163506268,-0.074481756856145803,0.19603391295357381
4,4_nf_daily,Daily familiarity,10_flow_attitude,Flow attitude,3,0.53846153846153844,3.0078894020687241,0.53816925234739277,-0.074481756856145803,0.19603391295357381
4,4_nf_daily,Daily familiarity,10_flow_attitude,Flow attitude,1.875,0.2307692307692307,1.8927341893442664,0.23870653071837161,-0.074481756856145803,0.19603391295357381
4,4_nf_daily,Daily familiarity,10_flow_attitude,Flow attitude,0,-0.61538461538461542,-0.023965380545802099,-0.61471695334976773,-0.074481756856145803,0.19603391295357381
4,4_nf_daily,Daily familiarity,10_flow_attitude,Flow attitude,-0.125,1.2307692307692308,-0.1135919794476247,1.2346656733644108,-0.074481756856145803,0.19603391295357381
4,4_nf_daily,Daily familiarity,10_flow_attitude,Flow attitude,2.25,0.92307692307692324,2.2660801522866048,0.93445745146910197,-0.074481756856145803,0.19603391295357381
4,4_nf_daily,Daily familiarity,10_flow_attitude,Flow attitude,0.5,2.9230769230769229,0.50297924596856536,2.9285053889533792,-0.074481756856145803,0.19603391295357381
4,4_nf_daily,Daily familiarity,10_flow_attitude,Flow attitude,-0.375,0.30769230769230771,-0.3617717570501075,0.3200842605257409,-0.074481756856145803,0.19603391295357381
4,4_nf_daily,Daily familiarity,10_flow_attitude,Flow attitude,0.625,1.8461538461538465,0.64762747273842736,1.8519501664531643,-0.074481756856145803,0.19603391295357381
4,4_nf_daily,Daily familiarity,10_flow_attitude,Flow attitude,1.875,0.61538461538461542,1.899811631320024,0.63007835868691675,-0.074481756856145803,0.19603391295357381
4,4_nf_daily,Daily familiarity,10_flow_attitude,Flow attitude,-1.75,1.7692307692307692,-1.7271264768531125,1.7581663003293089,-0.074481756856145803,0.19603391295357381
4,4_nf_daily,Daily familiarity,10_flow_attitude,Flow attitude,-0.875,0.38461538461538458,-0.89776489044973051,0.40000620847680141,-0.074481756856145803,0.19603391295357381
4,4_nf_daily,Daily familiarity,10_flow_attitude,Flow attitude,-0.875,1.7692307692307692,-0.87810724472717561,1.784275045267075,-0.074481756856145803,0.19603391295357381
4,4_nf_daily,Daily familiarity,10_flow_attitude,Flow attitude,-2.125,1.2307692307692308,-2.1129373320721192,1.2478956980304534,-0.074481756856145803,0.19603391295357381
4,4_nf_daily,Daily familiarity,10_flow_attitude,Flow attitude,2.125,1.6153846153846154,2.1235610445951472,1.6201560451808952,-0.074481756856145803,0.19603391295357381
4,4_nf_daily,Daily familiarity,10_flow_attitude,Flow attitude,-0.375,1.3846153846153846,-0.36444764510324279,1.3921188983293336,-0.074481756856145803,0.19603391295357381
4,4_nf_daily,Daily familiarity,10_flow_attitude,Flow attitude,-2,1.1538461538461535,-2.0248827972345951,1.1441269699008969,-0.074481756856145803,0.19603391295357381
4,4_nf_daily,Daily familiarity,10_flow_attitude,Flow attitude,0.625,1.3076923076923077,0.61252183782898473,1.3072056785299433,-0.074481756856145803,0.19603391295357381
4,4_nf_daily,Daily familiarity,10_flow_attitude,Flow attitude,-0.125,0.92307692307692324,-0.11268450386779399,0.91948536164589401,-0.074481756856145803,0.19603391295357381
4,4_nf_daily,Daily familiarity,10_flow_attitude,Flow attitude,1.125,0.2307692307692307,1.1014116978105677,0.21789400476914289,-0.074481756856145803,0.19603391295357381
4,4_nf_daily,Daily familiarity,10_flow_attitude,Flow attitude,1,1.7692307692307692,1.0238497819083996,1.7810879929343268,-0.074481756856145803,0.19603391295357381
4,4_nf_daily,Daily familiarity,10_flow_attitude,Flow attitude,0.25,1.5384615384615383,0.2318806527264656,1.540079084493744,-0.074481756856145803,0.19603391295357381
4,4_nf_daily,Daily familiarity,10_flow_attitude,Flow attitude,0.375,1.4615384615384617,0.39580120488547199,1.4664440108835612,-0.074481756856145803,0.19603391295357381
4,4_nf_daily,Daily familiarity,10_flow_attitude,Flow attitude,1.125,0.2307692307692307,1.1337125727496351,0.2471868747199108,-0.074481756856145803,0.19603391295357381
4,4_nf_daily,Daily familiarity,10_flow_attitude,Flow attitude,-0.125,0.0769230769230769,-0.13259180950290031,0.060067940891272403,-0.074481756856145803,0.19603391295357381
4,4_nf_daily,Daily familiarity,10_flow_attitude,Flow attitude,0.125,0.92307692307692324,0.1434363993088601,0.92269583542288158,-0.074481756856145803,0.19603391295357381
4,4_nf_daily,Daily familiarity,10_flow_attitude,Flow attitude,-0.5,1.6153846153846154,-0.52069074268898541,1.626493527305328,-0.074481756856145803,0.19603391295357381
4,4_nf_daily,Daily familiarity,10_flow_attitude,Flow attitude,1,0.46153846153846151,0.97734379853485875,0.46230315509110248,-0.074481756856145803,0.19603391295357381
4,4_nf_daily,Daily familiarity,10_flow_attitude,Flow attitude,0.25,0.53846153846153844,0.227612668284046,0.5292049200802329,-0.074481756856145803,0.19603391295357381
4,4_nf_daily,Daily familiarity,10_flow_attitude,Flow attitude,1.125,0.53846153846153844,1.1274398333940547,0.55540298108386055,-0.074481756856145803,0.19603391295357381
4,4_nf_daily,Daily familiarity,10_flow_attitude,Flow attitude,0.25,0.1538461538461538,0.24851048174162929,0.1480132764700548,-0.074481756856145803,0.19603391295357381
5,4_nf_daily,Daily familiarity,10_flow_attitude,Flow attitude,1.75,0.84615384615384615,1.7283764036961005,0.85457055943844229,-0.074481756856145803,0.19603391295357381
5,4_nf_daily,Daily familiarity,10_flow_attitude,Flow attitude,0.875,0.53846153846153844,0.84945907950050936,0.52868520428405097,-0.074481756856145803,0.19603391295357381
5,4_nf_daily,Daily familiarity,10_flow_attitude,Flow attitude,0.625,0.92307692307692324,0.63365578589400573,0.92105670575435716,-0.074481756856145803,0.19603391295357381
5,4_nf_daily,Daily familiarity,10_flow_attitude,Flow attitude,-0.75,1.2307692307692308,-0.72928882303098386,1.2161358499375481,-0.074481756856145803,0.19603391295357381
5,4_nf_daily,Daily familiarity,10_flow_attitude,Flow attitude,-0.375,0.61538461538461542,-0.38895933563429358,0.6224150479088344,-0.074481756856145803,0.19603391295357381
5,4_nf_daily,Daily familiarity,10_flow_attitude,Flow attitude,1.375,0.53846153846153844,1.3578165654480454,0.54995484236974257,-0.074481756856145803,0.19603391295357381
5,4_nf_daily,Daily familiarity,10_flow_attitude,Flow attitude,2.375,1.0769230769230769,2.3593415700473619,1.0908082779038373,-0.074481756856145803,0.19603391295357381
5,4_nf_daily,Daily familiarity,10_flow_attitude,Flow attitude,-1.125,-0.61538461538461542,-1.127488737145635,-0.63171951881338873,-0.074481756856145803,0.19603391295357381
5,4_nf_daily,Daily familiarity,10_flow_attitude,Flow attitude,0.625,-0.1538461538461538,0.63573463654994067,-0.16383497285230661,-0.074481756856145803,0.19603391295357381
5,4_nf_daily,Daily familiarity,10_flow_attitude,Flow attitude,0.5,0.84615384615384615,0.48948505191447128,0.86333413501857781,-0.074481756856145803,0.19603391295357381
5,4_nf_daily,Daily familiarity,10_flow_attitude,Flow attitude,1.625,0.2307692307692307,1.6459864670736919,0.23022086104933981,-0.074481756856145803,0.19603391295357381
5,4_nf_daily,Daily familiarity,10_flow_attitude,Flow attitude,0.5,0.46153846153846151,0.52257921426489529,0.47305409867076731,-0.074481756856145803,0.19603391295357381
5,4_nf_daily,Daily familiarity,10_flow_attitude,Flow attitude,1.625,-0.1538461538461538,1.621571337359051,-0.15768026570915031,-0.074481756856145803,0.19603391295357381
5,4_nf_daily,Daily familiarity,10_flow_attitude,Flow attitude,1.375,0.76923076923076927,1.3613483961991633,0.77001176201547261,-0.074481756856145803,0.19603391295357381
5,4_nf_daily,Daily familiarity,10_flow_attitude,Flow attitude,0.125,2.1538461538461537,0.14968502450293131,2.1449268930812453,-0.074481756856145803,0.19603391295357381
5,4_nf_daily,Daily familiarity,10_flow_attitude,Flow attitude,0.875,1.7692307692307692,0.85444957055969717,1.7664693516771424,-0.074481756856145803,0.19603391295357381
5,4_nf_daily,Daily familiarity,10_flow_attitude,Flow attitude,0,1.8461538461538465,6.9984406676554465e-05,1.8639118877047676,-0.074481756856145803,0.19603391295357381
5,4_nf_daily,Daily familiarity,10_flow_attitude,Flow attitude,-0.5,2,-0.48722585268987351,1.9970067915031124,-0.074481756856145803,0.19603391295357381
5,4_nf_daily,Daily familiarity,10_flow_attitude,Flow attitude,1.5,0.53846153846153844,1.5168152165436961,0.53410689480763662,-0.074481756856145803,0.19603391295357381
5,4_nf_daily,Daily familiarity,10_flow_attitude,Flow attitude,-0.375,1.3076923076923077,-0.3775486448466473,1.2999300991112519,-0.074481756856145803,0.19603391295357381
5,4_nf_daily,Daily familiarity,10_flow_attitude,Flow attitude,-0.75,0.92307692307692324,-0.728117700476412,0.92438663851048242,-0.074481756856145803,0.19603391295357381
5,4_nf_daily,Daily familiarity,10_flow_attitude,Flow attitude,-0.5,1.6153846153846154,-0.48737422332827129,1.6210055915737331,-0.074481756856145803,0.19603391295357381
5,4_nf_daily,Daily familiarity,10_flow_attitude,Flow attitude,0.25,2.1538461538461537,0.2328419500297822,2.1659600853546417,-0.074481756856145803,0.19603391295357381
5,4_nf_daily,Daily familiarity,10_flow_attitude,Flow attitude,-1.125,0.92307692307692324,-1.1359714163031849,0.93524931627699837,-0.074481756856145803,0.19603391295357381
5,4_nf_daily,Daily familiarity,10_flow_attitude,Flow attitude,0.75,1.2307692307692308,0.77683274962090454,1.2202458686269153,-0.074481756856145803,0.19603391295357381
5,4_nf_daily,Daily familiarity,10_flow_attitude,Flow attitude,-1.375,1.1538461538461535,-1.3577381232677901,1.1479842935911602,-0.074481756856145803,0.19603391295357381
5,4_nf_daily,Daily familiarity,10_flow_attitude,Flow attitude,1.875,1.3076923076923077,1.8573772070177088,1.3241343342193412,-0.074481756856145803,0.19603391295357381
5,4_nf_daily,Daily familiarity,10_flow_attitude,Flow attitude,1.875,1.3846153846153846,1.8670264394180889,1.4026542494762917,-0.074481756856145803,0.19603391295357381
5,4_nf_daily,Daily familiarity,10_flow_attitude,Flow attitude,-1.375,1.0769230769230769,-1.3699224488322326,1.0787956049610197,-0.074481756856145803,0.19603391295357381
5,4_nf_daily,Daily familiarity,10_flow_attitude,Flow attitude,-0.625,1.3076923076923077,-0.60585627616375537,1.3228571888262877,-0.074481756856145803,0.19603391295357381
5,4_nf_daily,Daily familiarity,10_flow_attitude,Flow attitude,-0.375,1.4615384615384617,-0.3997809784798888,1.4660242234916514,-0.074481756856145803,0.19603391295357381
5,4_nf_daily,Daily familiarity,10_flow_attitude,Flow attitude,1,1.2307692307692308,0.98089518547628385,1.2201057160174344,-0.074481756856145803,0.19603391295357381
5,4_nf_daily,Daily familiarity,10_flow_attitude,Flow attitude,0.625,1.3846153846153846,0.63827977166072991,1.3940565142758961,-0.074481756856145803,0.19603391295357381
5,4_nf_daily,Daily familiarity,10_flow_attitude,Flow attitude,0.5,-0.1538461538461538,0.4738523263980452,-0.15884591674391099,-0.074481756856145803,0.19603391295357381
5,4_nf_daily,Daily familiarity,10_flow_attitude,Flow attitude,0.375,2.2307692307692308,0.3567624984997092,2.2382782444957989,-0.074481756856145803,0.19603391295357381
5,4_nf_daily,Daily familiarity,10_flow_attitude,Flow attitude,-0.5,1.0769230769230769,-0.52281095595239968,1.0713274735818787,-0.074481756856145803,0.19603391295357381
5,4_nf_daily,Daily familiarity,10_flow_attitude,Flow attitude,0.25,0.38461538461538458,0.2363567179385811,0.38445658718825498,-0.074481756856145803,0.19603391295357381
5,4_nf_daily,Daily familiarity,10_flow_attitude,Flow attitude,0,1.4615384615384617,-0.0042368683965437002,1.4531761599620769,-0.074481756856145803,0.19603391295357381
5,4_nf_daily,Daily familiarity,10_flow_attitude,Flow attitude,0.625,1.0769230769230769,0.6444886755935626,1.0682939715281501,-0.074481756856145803,0.19603391295357381
5,4_nf_daily,Daily familiarity,10_flow_attitude,Flow attitude,0.5,0.0769230769230769,0.48255414298737781,0.0593127039072135,-0.074481756856145803,0.19603391295357381
5,4_nf_daily,Daily familiarity,10_flow_attitude,Flow attitude,1.75,0.46153846153846151,1.7265649481648591,0.44980665951149251,-0.074481756856145803,0.19603391295357381
5,4_nf_daily,Daily familiarity,10_flow_attitude,Flow attitude,1.25,1.2307692307692308,1.257735739590925,1.2176920108728155,-0.074481756856145803,0.19603391295357381
5,4_nf_daily,Daily familiarity,10_flow_attitude,Flow attitude,0.875,1.6153846153846154,0.88453407652073046,1.60356110726729,-0.074481756856145803,0.19603391295357381
5,4_nf_daily,Daily familiarity,10_flow_attitude,Flow attitude,1.25,1.6153846153846154,1.2625343813920646,1.5988992647199207,-0.074481756856145803,0.19603391295357381
5,4_nf_daily,Daily familiarity,10_flow_attitude,Flow attitude,-0.125,0.69230769230769229,-0.1476588653258718,0.69907798743465321,-0.074481756856145803,0.19603391295357381
5,4_nf_daily,Daily familiarity,10_flow_attitude,Flow attitude,-0.125,0.53846153846153844,-0.1192223516474788,0.52178867028693321,-0.074481756856145803,0.19603391295357381
5,4_nf_daily,Daily familiarity,10_flow_attitude,Flow attitude,1,-0.0769230769230769,0.97654085029942839,-0.077911478605297804,-0.074481756856145803,0.19603391295357381
5,4_nf_daily,Daily familiarity,10_flow_attitude,Flow attitude,1.875,1.6153846153846154,1.8541140098967064,1.6299541466611545,-0.074481756856145803,0.19603391295357381
5,4_nf_daily,Daily familiarity,10_flow_attitude,Flow attitude,0.625,0.92307692307692324,0.60645415450501983,0.92813066405159816,-0.074481756856145803,0.19603391295357381
5,4_nf_daily,Daily familiarity,10_flow_attitude,Flow attitude,2,1,1.9778032412377879,0.98623074259536936,-0.074481756856145803,0.19603391295357381
5,4_nf_daily,Daily familiarity,10_flow_attitude,Flow attitude,-0.375,1.3846153846153846,-0.36621032442599982,1.3980621958458617,-0.074481756856145803,0.19603391295357381
5,4_nf_daily,Daily familiarity,10_flow_attitude,Flow attitude,-1.625,1.0769230769230769,-1.6035607828340188,1.0735315771775225,-0.074481756856145803,0.19603391295357381
5,4_nf_daily,Daily familiarity,10_flow_attitude,Flow attitude,2,0.53846153846153844,2.0132108429769184,0.5488129224357744,-0.074481756856145803,0.19603391295357381
5,4_nf_daily,Daily familiarity,10_flow_attitude,Flow attitude,0.625,1.0769230769230769,0.64967314798518849,1.0671714469535163,-0.074481756856145803,0.19603391295357381
5,4_nf_daily,Daily familiarity,10_flow_attitude,Flow attitude,-0.25,1,-0.23223105118787851,0.99639973946229399,-0.074481756856145803,0.19603391295357381
5,4_nf_daily,Daily familiarity,10_flow_attitude,Flow attitude,0.75,0.30769230769230771,0.74497637775683057,0.30923902006314669,-0.074481756856145803,0.19603391295357381
5,4_nf_daily,Daily familiarity,10_flow_attitude,Flow attitude,1.625,1.3846153846153846,1.6300466872436119,1.3705601636583151,-0.074481756856145803,0.19603391295357381
5,4_nf_daily,Daily familiarity,10_flow_attitude,Flow attitude,-0.25,1.6153846153846154,-0.26803203094514599,1.6096035132076103,-0.074481756856145803,0.19603391295357381
5,4_nf_daily,Daily familiarity,10_flow_attitude,Flow attitude,2.5,1.4615384615384617,2.5168755566704415,1.4743823309843889,-0.074481756856145803,0.19603391295357381
5,4_nf_daily,Daily familiarity,10_flow_attitude,Flow attitude,0.25,1.4615384615384617,0.2416371260303885,1.4681903143889483,-0.074481756856145803,0.19603391295357381
5,4_nf_daily,Daily familiarity,10_flow_attitude,Flow attitude,-0.875,-0.2307692307692307,-0.87059441490433398,-0.23448476810994059,-0.074481756856145803,0.19603391295357381
5,4_nf_daily,Daily familiarity,10_flow_attitude,Flow attitude,0.375,1.3846153846153846,0.36832671590364813,1.383284411080415,-0.074481756856145803,0.19603391295357381
5,4_nf_daily,Daily familiarity,10_flow_attitude,Flow attitude,1.875,1.2307692307692308,1.848187201468388,1.2282892146117257,-0.074481756856145803,0.19603391295357381
5,4_nf_daily,Daily familiarity,10_flow_attitude,Flow attitude,0.125,-1.1538461538461535,0.14439932615199921,-1.1478602003779861,-0.074481756856145803,0.19603391295357381
5,4_nf_daily,Daily familiarity,10_flow_attitude,Flow attitude,-1,0.84615384615384615,-1.0180990687115372,0.84203495529802153,-0.074481756856145803,0.19603391295357381
5,4_nf_daily,Daily familiarity,10_flow_attitude,Flow attitude,1,0.46153846153846151,0.98712711722568658,0.45459475269404231,-0.074481756856145803,0.19603391295357381
5,4_nf_daily,Daily familiarity,10_flow_attitude,Flow attitude,0.125,1.2307692307692308,0.13016838769772091,1.2189656970639988,-0.074481756856145803,0.19603391295357381
5,4_nf_daily,Daily familiarity,10_flow_attitude,Flow attitude,0.875,1.0769230769230769,0.85388990724439484,1.0823508965199009,-0.074481756856145803,0.19603391295357381
5,4_nf_daily,Daily familiarity,10_flow_attitude,Flow attitude,1.5,1.5384615384615383,1.5117505835612364,1.5275223649516301,-0.074481756856145803,0.19603391295357381
5,4_nf_daily,Daily familiarity,10_flow_attitude,Flow attitude,0.75,-0.0769230769230769,0.74685844305994853,-0.0611791090247591,-0.074481756856145803,0.19603391295357381
5,4_nf_daily,Daily familiarity,10_flow_attitude,Flow attitude,1.375,-0.84615384615384615,1.3537176643522917,-0.85506474701260626,-0.074481756856145803,0.19603391295357381
5,4_nf_daily,Daily familiarity,10_flow_attitude,Flow attitude,1,1.4615384615384617,1.0224902582645261,1.4594784272382022,-0.074481756856145803,0.19603391295357381
5,4_nf_daily,Daily familiarity,10_flow_attitude,Flow attitude,1.875,0.84615384615384615,1.8692482363740948,0.84196719564647249,-0.074481756856145803,0.19603391295357381
5,4_nf_daily,Daily familiarity,10_flow_attitude,Flow attitude,-1.125,1.1538461538461535,-1.106181044732431,1.1591064183291553,-0.074481756856145803,0.19603391295357381
5,4_nf_daily,Daily familiarity,10_flow_attitude,Flow attitude,-0.875,2.2307692307692308,-0.84806714655019788,2.2129607105352038,-0.074481756856145803,0.19603391295357381
5,4_nf_daily,Daily familiarity,10_flow_attitude,Flow attitude,-2.25,1.2307692307692308,-2.2305598687457953,1.2301805332702751,-0.074481756856145803,0.19603391295357381
5,4_nf_daily,Daily familiarity,10_flow_attitude,Flow attitude,-1.875,1,-1.8488359195518411,0.99334586122996482,-0.074481756856145803,0.19603391295357381
5,4_nf_daily,Daily familiarity,10_flow_attitude,Flow attitude,0.875,0.38461538461538458,0.87523884607604874,0.38677947760150222,-0.074481756856145803,0.19603391295357381
5,4_nf_daily,Daily familiarity,10_flow_attitude,Flow attitude,1.25,1.6923076923076923,1.2365351687070434,1.6910623607681077,-0.074481756856145803,0.19603391295357381
5,4_nf_daily,Daily familiarity,10_flow_attitude,Flow attitude,0.5,1.3846153846153846,0.49944749107187197,1.3811403409972949,-0.074481756856145803,0.19603391295357381
5,4_nf_daily,Daily familiarity,10_flow_attitude,Flow attitude,0,2.3846153846153846,-0.026878002865248701,2.3753682107426539,-0.074481756856145803,0.19603391295357381
5,4_nf_daily,Daily familiarity,10_flow_attitude,Flow attitude,0.625,0.1538461538461538,0.6291207317341303,0.14827261515790349,-0.074481756856145803,0.19603391295357381
5,4_nf_daily,Daily familiarity,10_flow_attitude,Flow attitude,0.5,1.6153846153846154,0.52203301719561335,1.6330120033533544,-0.074481756856145803,0.19603391295357381
5,4_nf_daily,Daily familiarity,10_flow_attitude,Flow attitude,1.75,1.1538461538461535,1.7293103073233764,1.1562987937683331,-0.074481756856145803,0.19603391295357381
5,4_nf_daily,Daily familiarity,10_flow_attitude,Flow attitude,-0.375,1.3076923076923077,-0.36382208249401471,1.3143418362028565,-0.074481756856145803,0.19603391295357381
5,4_nf_daily,Daily familiarity,10_flow_attitude,Flow attitude,3,1.6153846153846154,3.0252566005816499,1.599545466816777,-0.074481756856145803,0.19603391295357381
5,4_nf_daily,Daily familiarity,10_flow_attitude,Flow attitude,1.25,1,1.2634138417423406,0.99951609310428402,-0.074481756856145803,0.19603391295357381
5,4_nf_daily,Daily familiarity,10_flow_attitude,Flow attitude,0.125,1.3846153846153846,0.1079708299230898,1.3754113127754946,-0.074481756856145803,0.19603391295357381
5,4_nf_daily,Daily familiarity,10_flow_attitude,Flow attitude,0.5,0.69230769230769229,0.47881318462595318,0.68885886050832812,-0.074481756856145803,0.19603391295357381
5,4_nf_daily,Daily familiarity,10_flow_attitude,Flow attitude,0,0.61538461538461542,0.025346655648254401,0.63107469402558092,-0.074481756856145803,0.19603391295357381
5,4_nf_daily,Daily familiarity,10_flow_attitude,Flow attitude,-1,0.69230769230769229,-1.0074471328222103,0.70849219707824096,-0.074481756856145803,0.19603391295357381
5,4_nf_daily,Daily familiarity,10_flow_attitude,Flow attitude,0.125,0.76923076923076927,0.13927814000876459,0.76888950029845726,-0.074481756856145803,0.19603391295357381
5,4_nf_daily,Daily familiarity,10_flow_attitude,Flow attitude,1.25,1.3076923076923077,1.269857767072623,1.3018847278296928,-0.074481756856145803,0.19603391295357381
5,4_nf_daily,Daily familiarity,10_flow_attitude,Flow attitude,2.125,1.1538461538461535,2.115739035085761,1.1363940655210634,-0.074481756856145803,0.19603391295357381
5,4_nf_daily,Daily familiarity,10_flow_attitude,Flow attitude,-0.125,1.6923076923076923,-0.1160968289206837,1.6854523098500251,-0.074481756856145803,0.19603391295357381
5,4_nf_daily,Daily familiarity,10_flow_attitude,Flow attitude,-0.75,1.2307692307692308,-0.75132309429994315,1.2164908150437437,-0.074481756856145803,0.19603391295357381
5,4_nf_daily,Daily familiarity,10_flow_attitude,Flow attitude,0.75,-0.2307692307692307,0.74961737727927413,-0.22280102667752039,-0.074481756856145803,0.19603391295357381
5,4_nf_daily,Daily familiarity,10_flow_attitude,Flow attitude,1.625,0.61538461538461542,1.6494788627432391,0.6293966462054229,-0.074481756856145803,0.19603391295357381
5,4_nf_daily,Daily familiarity,10_flow_attitude,Flow attitude,0.5,0.30769230769230771,0.51676727241773279,0.30828107646088149,-0.074481756856145803,0.19603391295357381
5,4_nf_daily,Daily familiarity,10_flow_attitude,Flow attitude,0.875,1.1538461538461535,0.90149324842819001,1.1711264320176582,-0.074481756856145803,0.19603391295357381
5,4_nf_daily,Daily familiarity,10_flow_attitude,Flow attitude,0.625,0.69230769230769229,0.60092119451419346,0.68931793624264637,-0.074481756856145803,0.19603391295357381
5,4_nf_daily,Daily familiarity,10_flow_attitude,Flow attitude,0.75,0.46153846153846151,0.7649373802380216,0.45619504413301321,-0.074481756856145803,0.19603391295357381
5,4_nf_daily,Daily familiarity,10_flow_attitude,Flow attitude,1.5,1.8461538461538465,1.5005360343015268,1.8490882314224928,-0.074481756856145803,0.19603391295357381
5,4_nf_daily,Daily familiarity,10_flow_attitude,Flow attitude,0.125,1.3846153846153846,0.1395879444379273,1.3769127105416268,-0.074481756856145803,0.19603391295357381
5,4_nf_daily,Daily familiarity,10_flow_attitude,Flow attitude,2.125,0.84615384615384615,2.1062512821312582,0.85410474680672743,-0.074481756856145803,0.19603391295357381
5,4_nf_daily,Daily familiarity,10_flow_attitude,Flow attitude,1.125,1.3846153846153846,1.1349430548228061,1.3889312243653611,-0.074481756856145803,0.19603391295357381
5,4_nf_daily,Daily familiarity,10_flow_attitude,Flow attitude,1.25,1.0769230769230769,1.2640335183108251,1.0850135610385725,-0.074481756856145803,0.19603391295357381
5,4_nf_daily,Daily familiarity,10_flow_attitude,Flow attitude,0.5,1.4615384615384617,0.48564259442592062,1.4668001087842175,-0.074481756856145803,0.19603391295357381
5,4_nf_daily,Daily familiarity,10_flow_attitude,Flow attitude,0.375,1.0769230769230769,0.3729023195193687,1.0919086791848691,-0.074481756856145803,0.19603391295357381
5,4_nf_daily,Daily familiarity,10_flow_attitude,Flow attitude,1.625,1.1538461538461535,1.6244179300312278,1.1460336701789609,-0.074481756856145803,0.19603391295357381
5,4_nf_daily,Daily familiarity,10_flow_attitude,Flow attitude,1.25,0.61538461538461542,1.2549193092038855,0.60700436541830249,-0.074481756856145803,0.19603391295357381
5,4_nf_daily,Daily familiarity,10_flow_attitude,Flow attitude,-0.75,0.84615384615384615,-0.73293386135677685,0.83151654268598307,-0.074481756856145803,0.19603391295357381
5,4_nf_daily,Daily familiarity,10_flow_attitude,Flow attitude,0.375,0.69230769230769229,0.39513874546111522,0.68541671635131118,-0.074481756856145803,0.19603391295357381
5,4_nf_daily,Daily familiarity,10_flow_attitude,Flow attitude,0.75,0.76923076923076927,0.75938991568749603,0.75127185968921129,-0.074481756856145803,0.19603391295357381
5,4_nf_daily,Daily familiarity,10_flow_attitude,Flow attitude,-0.375,0.84615384615384615,-0.34974107687406569,0.82797831513327036,-0.074481756856145803,0.19603391295357381
5,4_nf_daily,Daily familiarity,10_flow_attitude,Flow attitude,0.5,1.5384615384615383,0.47366228052904769,1.5374644897435381,-0.074481756856145803,0.19603391295357381
5,4_nf_daily,Daily familiarity,10_flow_attitude,Flow attitude,2.25,0.92307692307692324,2.2572621763129077,0.93843819117063743,-0.074481756856145803,0.19603391295357381
5,4_nf_daily,Daily familiarity,10_flow_attitude,Flow attitude,1.5,1.6153846153846154,1.5256755680939149,1.6146647267569181,-0.074481756856145803,0.19603391295357381
5,4_nf_daily,Daily familiarity,10_flow_attitude,Flow attitude,1.25,0.69230769230769229,1.2347934650535746,0.70716899334559025,-0.074481756856145803,0.19603391295357381
5,4_nf_daily,Daily familiarity,10_flow_attitude,Flow attitude,-0.125,1.6153846153846154,-0.15186883220327141,1.6248111338137368,-0.074481756856145803,0.19603391295357381
5,4_nf_daily,Daily familiarity,10_flow_attitude,Flow attitude,0.375,0.2307692307692307,0.3510055258220165,0.23739809367712331,-0.074481756856145803,0.19603391295357381
5,4_nf_daily,Daily familiarity,10_flow_attitude,Flow attitude,1.125,0.38461538461538458,1.1393953056815953,0.38339599378408101,-0.074481756856145803,0.19603391295357381
5,4_nf_daily,Daily familiarity,10_flow_attitude,Flow attitude,0.375,-0.0769230769230769,0.3911750304337373,-0.066703897601116599,-0.074481756856145803,0.19603391295357381
5,4_nf_daily,Daily familiarity,10_flow_attitude,Flow attitude,-0.375,1.6153846153846154,-0.38227047356165089,1.620429866684818,-0.074481756856145803,0.19603391295357381
5,4_nf_daily,Daily familiarity,10_flow_attitude,Flow attitude,1.5,1.5384615384615383,1.5200157493201321,1.5262982576820872,-0.074481756856145803,0.19603391295357381
5,4_nf_daily,Daily familiarity,10_flow_attitude,Flow attitude,-1.25,1.2307692307692308,-1.2752881287288227,1.225656707639045,-0.074481756856145803,0.19603391295357381
5,4_nf_daily,Daily familiarity,10_flow_attitude,Flow attitude,-0.75,0.76923076923076927,-0.7742038454639486,0.77086946841426363,-0.074481756856145803,0.19603391295357381
5,4_nf_daily,Daily familiarity,10_flow_attitude,Flow attitude,0.125,1.7692307692307692,0.11329181440878,1.780632424237415,-0.074481756856145803,0.19603391295357381
5,4_nf_daily,Daily familiarity,10_flow_attitude,Flow attitude,0.875,0.76923076923076927,0.86588888414506626,0.76993051047855099,-0.074481756856145803,0.19603391295357381
5,4_nf_daily,Daily familiarity,10_flow_attitude,Flow attitude,1.125,0.53846153846153844,1.117311238661268,0.54410841733375326,-0.074481756856145803,0.19603391295357381
5,4_nf_daily,Daily familiarity,10_flow_attitude,Flow attitude,0.625,2.3846153846153846,0.61895700757728478,2.3812469756546575,-0.074481756856145803,0.19603391295357381
2,maemuki_score,Maemuki,10_flow_attitude,Flow attitude,0.7394296979823296,0.25,0.72994486690287264,0.24039288980307599,0.62844713371186822,6.3102825633441612e-34
2,maemuki_score,Maemuki,10_flow_attitude,Flow attitude,0.72462406015037617,1.25,0.72220831715474576,1.2394176191026578,0.62844713371186822,6.3102825633441612e-34
2,maemuki_score,Maemuki,10_flow_attitude,Flow attitude,0.89552542973595606,0.91666666666666663,0.90900526711728002,0.91530301540849124,0.62844713371186822,6.3102825633441612e-34
2,maemuki_score,Maemuki,10_flow_attitude,Flow attitude,-0.013510733905470701,0.5,-0.027883770663215901,0.51046298273482571,0.62844713371186822,6.3102825633441612e-34
2,maemuki_score,Maemuki,10_flow_attitude,Flow attitude,0.77069251411356676,1.5833333333333333,0.76039243222717023,1.5868469893170067,0.62844713371186822,6.3102825633441612e-34
2,maemuki_score,Maemuki,10_flow_attitude,Flow attitude,1.2506860585807953,2.4166666666666665,1.2593440582571749,2.4138145513397435,0.62844713371186822,6.3102825633441612e-34
2,maemuki_score,Maemuki,10_flow_attitude,Flow attitude,1.1594386850965801,1.3333333333333333,1.1631957773209021,1.351266959578753,0.62844713371186822,6.3102825633441612e-34
2,maemuki_score,Maemuki,10_flow_attitude,Flow attitude,0.42880781499202553,1.0833333333333333,0.43702939355283821,1.0697324930509529,0.62844713371186822,6.3102825633441612e-34
2,maemuki_score,Maemuki,10_flow_attitude,Flow attitude,0.74039423052580955,1.9166666666666667,0.72589984760236392,1.9118473304750363,0.62844713371186822,6.3102825633441612e-34
2,maemuki_score,Maemuki,10_flow_attitude,Flow attitude,0.82424115845168489,1.25,0.83964411908217651,1.2567487109281263,0.62844713371186822,6.3102825633441612e-34
2,maemuki_score,Maemuki,10_flow_attitude,Flow attitude,-0.27887078808131438,0.83333333333333337,-0.27739169021431381,0.84914272443558381,0.62844713371186822,6.3102825633441612e-34
2,maemuki_score,Maemuki,10_flow_attitude,Flow attitude,1.1404777727146149,1.0833333333333333,1.126539768854028,1.0929805064360822,0.62844713371186822,6.3102825633441612e-34
2,maemuki_score,Maemuki,10_flow_attitude,Flow attitude,0.54978449912660443,0.66666666666666663,0.53961083087770001,0.68261610641231418,0.62844713371186822,6.3102825633441612e-34
2,maemuki_score,Maemuki,10_flow_attitude,Flow attitude,0.39190874914559132,1.4166666666666667,0.40721157991996748,1.4122226007169307,0.62844713371186822,6.3102825633441612e-34
2,maemuki_score,Maemuki,10_flow_attitude,Flow attitude,0.66201805017594484,0.25,0.65986176868155544,0.25159803555793631,0.62844713371186822,6.3102825633441612e-34
2,maemuki_score,Maemuki,10_flow_attitude,Flow attitude,0.50019588111693369,0.66666666666666663,0.49759810346364658,0.68037811401075621,0.62844713371186822,6.3102825633441612e-34
2,maemuki_score,Maemuki,10_flow_attitude,Flow attitude,0.45196292498924079,0.41666666666666669,0.43807070878637011,0.39945078821416508,0.62844713371186822,6.3102825633441612e-34
2,maemuki_score,Maemuki,10_flow_attitude,Flow attitude,1.007080833396623,0.83333333333333337,1.0062026532539936,0.82376059083798026,0.62844713371186822,6.3102825633441612e-34
2,maemuki_score,Maemuki,10_flow_attitude,Flow attitude,1.0486880078985339,1.5,1.0598241982647454,1.5128462117963857,0.62844713371186822,6.3102825633441612e-34
2,maemuki_score,Maemuki,10_flow_attitude,Flow attitude,1.3724177868914711,2.0833333333333335,1.3804665263746558,2.066828239501906,0.62844713371186822,6.3102825633441612e-34
2,maemuki_score,Maemuki,10_flow_attitude,Flow attitude,1.6765578719526089,1.8333333333333333,1.6747079933000988,1.8224221706329375,0.62844713371186822,6.3102825633441612e-34
2,maemuki_score,Maemuki,10_flow_attitude,Flow attitude,0.46492272347535502,1.25,0.45621026974154932,1.2403546338811331,0.62844713371186822,6.3102825633441612e-34
2,maemuki_score,Maemuki,10_flow_attitude,Flow attitude,0.60863680666312237,0.83333333333333337,0.60581772822284252,0.82791171700872945,0.62844713371186822,6.3102825633441612e-34
2,maemuki_score,Maemuki,10_flow_attitude,Flow attitude,1.1695245057087162,1.1666666666666667,1.160874371664558,1.1503093045591339,0.62844713371186822,6.3102825633441612e-34
3,maemuki_score,Maemuki,10_flow_attitude,Flow attitude,1.0466051492367283,0.5,1.0351149361623744,0.50751805361564051,0.62844713371186822,6.3102825633441612e-34
3,maemuki_score,Maemuki,10_flow_attitude,Flow attitude,-0.1066495152021467,0.83333333333333337,-0.114811986439976,0.83746965028508058,0.62844713371186822,6.3102825633441612e-34
3,maemuki_score,Maemuki,10_flow_attitude,Flow attitude,0.30279866332497912,-0.25,0.3057269268499756,-0.25012024265522459,0.62844713371186822,6.3102825633441612e-34
3,maemuki_score,Maemuki,10_flow_attitude,Flow attitude,0.88583833320675409,1.5,0.89854580594691946,1.4927249795872433,0.62844713371186822,6.3102825633441612e-34
3,maemuki_score,Maemuki,10_flow_attitude,Flow attitude,1.4645170375433532,1.5,1.4499361651214959,1.5155118687507636,0.62844713371186822,6.3102825633441612e-34
3,maemuki_score,Maemuki,10_flow_attitude,Flow attitude,0.94085402901192383,1.75,0.93446219451991119,1.7632848990904899,0.62844713371186822,6.3102825633441612e-34
3,maemuki_score,Maemuki,10_flow_attitude,Flow attitude,-0.821386167438799,0.66666666666666663,-0.81833513929394719,0.66584704600242262,0.62844713371186822,6.3102825633441612e-34
3,maemuki_score,Maemuki,10_flow_attitude,Flow attitude,0.50588181311865521,1.0833333333333333,0.50259561337581826,1.0877359978828749,0.62844713371186822,6.3102825633441612e-34
3,maemuki_score,Maemuki,10_flow_attitude,Flow attitude,0.70664983164983175,0.83333333333333337,0.69868111789044984,0.83950145276726607,0.62844713371186822,6.3102825633441612e-34
3,maemuki_score,Maemuki,10_flow_attitude,Flow attitude,0.14560644034328241,0.91666666666666663,0.13330808469532909,0.90382261318881485,0.62844713371186822,6.3102825633441612e-34
3,maemuki_score,Maemuki,10_flow_attitude,Flow attitude,0.64112933849775955,1.5,0.63463074448494827,1.4864186268965591,0.62844713371186822,6.3102825633441612e-34
3,maemuki_score,Maemuki,10_flow_attitude,Flow attitude,1.513580352396142,1.75,1.4981418500287145,1.7682303325244009,0.62844713371186822,6.3102825633441612e-34
3,maemuki_score,Maemuki,10_flow_attitude,Flow attitude,0.34591402749297478,0.41666666666666669,0.35823348281471568,0.40930272385434968,0.62844713371186822,6.3102825633441612e-34
3,maemuki_score,Maemuki,10_flow_attitude,Flow attitude,0.98233557378294223,1.4166666666666667,0.98350608845549603,1.4009355422705421,0.62844713371186822,6.3102825633441612e-34
3,maemuki_score,Maemuki,10_flow_attitude,Flow attitude,0.3558425736057314,0.33333333333333331,0.36821982043242391,0.3384733684946275,0.62844713371186822,6.3102825633441612e-34
3,maemuki_score,Maemuki,10_flow_attitude,Flow attitude,0.76845776056302373,1.5833333333333333,0.78174896892181034,1.5939167598687738,0.62844713371186822,6.3102825633441612e-34
3,maemuki_score,Maemuki,10_flow_attitude,Flow attitude,-0.70272651325282909,-0.41666666666666669,-0.69255072461322165,-0.41818022487330508,0.62844713371186822,6.3102825633441612e-34
3,maemuki_score,Maemuki,10_flow_attitude,Flow attitude,0.75596946912736385,0.1666666666666666,0.76117291671859844,0.164821534837715,0.62844713371186822,6.3102825633441612e-34
3,maemuki_score,Maemuki,10_flow_attitude,Flow attitude,0.59528049922786763,1.25,0.59588001208553898,1.2330938646931564,0.62844713371186822,6.3102825633441612e-34
3,maemuki_score,Maemuki,10_flow_attitude,Flow attitude,1.1950061390850866,2.1666666666666665,1.191850562721062,2.1519348677911623,0.62844713371186822,6.3102825633441612e-34
3,maemuki_score,Maemuki,10_flow_attitude,Flow attitude,1.1624765828713195,1.5,1.1759379543435895,1.4947235360518278,0.62844713371186822,6.3102825633441612e-34
3,maemuki_score,Maemuki,10_flow_attitude,Flow attitude,0.78146376041112875,1.0833333333333333,0.78489475220726801,1.0787000622991465,0.62844713371186822,6.3102825633441612e-34
4,maemuki_score,Maemuki,10_flow_attitude,Flow attitude,0.95229867598288642,1.2307692307692308,0.94730791774208922,1.2491057150446747,0.62844713371186822,6.3102825633441612e-34
4,maemuki_score,Maemuki,10_flow_attitude,Flow attitude,0.39379667603351809,0.2307692307692307,0.39519118132279157,0.22367320773493629,0.62844713371186822,6.3102825633441612e-34
4,maemuki_score,Maemuki,10_flow_attitude,Flow attitude,1.0137733854839115,1.8461538461538465,1.0243964941420229,1.837211147643244,0.62844713371186822,6.3102825633441612e-34
4,maemuki_score,Maemuki,10_flow_attitude,Flow attitude,1.4358661806030228,1.9230769230769231,1.4281946787393596,1.9259375003591863,0.62844713371186822,6.3102825633441612e-34
4,maemuki_score,Maemuki,10_flow_attitude,Flow attitude,0.1084760512392091,0.84615384615384615,0.1075987179009221,0.8302463726895466,0.62844713371186822,6.3102825633441612e-34
4,maemuki_score,Maemuki,10_flow_attitude,Flow attitude,0.73471177944862154,0.92307692307692324,0.72482833242392619,0.9302163732007348,0.62844713371186822,6.3102825633441612e-34
4,maemuki_score,Maemuki,10_flow_attitude,Flow attitude,0.86090478722057662,1.4615384615384617,0.8519585520040428,1.4517589336300361,0.62844713371186822,6.3102825633441612e-34
4,maemuki_score,Maemuki,10_flow_attitude,Flow attitude,1.8643518518518516,2.3846153846153846,1.8742348276260945,2.3744778987429949,0.62844713371186822,6.3102825633441612e-34
4,maemuki_score,Maemuki,10_flow_attitude,Flow attitude,-0.0041040100250626004,0.2307692307692307,-0.0150052793589077,0.2277780849565878,0.62844713371186822,6.3102825633441612e-34
4,maemuki_score,Maemuki,10_flow_attitude,Flow attitude,1.312699994936837,1.6153846153846154,1.3052620158211183,1.6252967086756196,0.62844713371186822,6.3102825633441612e-34
4,maemuki_score,Maemuki,10_flow_attitude,Flow attitude,-0.506388762309815,1.3076923076923077,-0.50473693605341674,1.3136350380168462,0.62844713371186822,6.3102825633441612e-34
4,maemuki_score,Maemuki,10_flow_attitude,Flow attitude,1.7642401458190933,1.5384615384615383,1.7487751251517107,1.5306305059136895,0.62844713371186822,6.3102825633441612e-34
4,maemuki_score,Maemuki,10_flow_attitude,Flow attitude,1.1467437533227005,0.92307692307692324,1.1402863073839873,0.94137121243470057,0.62844713371186822,6.3102825633441612e-34
4,maemuki_score,Maemuki,10_flow_attitude,Flow attitude,1.3888993316624894,1.1538461538461535,1.387943826807162,1.1604255844879787,0.62844713371186822,6.3102825633441612e-34
4,maemuki_score,Maemuki,10_flow_attitude,Flow attitude,-0.14218817245133031,1.3846153846153846,-0.1432208856581916,1.392517347095845,0.62844713371186822,6.3102825633441612e-34
4,maemuki_score,Maemuki,10_flow_attitude,Flow attitude,1.6754987215513533,2.6153846153846154,1.6644207461441305,2.6087853685305058,0.62844713371186822,6.3102825633441612e-34
4,maemuki_score,Maemuki,10_flow_attitude,Flow attitude,1.1840447077289182,2.5384615384615383,1.1914874991793891,2.5384911444106075,0.62844713371186822,6.3102825633441612e-34
4,maemuki_score,Maemuki,10_flow_attitude,Flow attitude,0.55801530341004024,0.92307692307692324,0.55097876532905699,0.90610875906061683,0.62844713371186822,6.3102825633441612e-34
4,maemuki_score,Maemuki,10_flow_attitude,Flow attitude,0.35012911065542651,0.2307692307692307,0.33521787809281067,0.2306163572138811,0.62844713371186822,6.3102825633441612e-34
4,maemuki_score,Maemuki,10_flow_attitude,Flow attitude,1.3415745803903698,0.61538461538461542,1.3507404254239299,0.60796766877088138,0.62844713371186822,6.3102825633441612e-34
4,maemuki_score,Maemuki,10_flow_attitude,Flow attitude,-0.54986614262930056,0.38461538461538458,-0.56033851557948045,0.39693109414694933,0.62844713371186822,6.3102825633441612e-34
4,maemuki_score,Maemuki,10_flow_attitude,Flow attitude,1.9969586213007269,2.7692307692307692,2.0124981661759138,2.7649217869677507,0.62844713371186822,6.3102825633441612e-34
4,maemuki_score,Maemuki,10_flow_attitude,Flow attitude,1.3657983342193869,1.0769230769230769,1.3645438171550328,1.0631718835066728,0.62844713371186822,6.3102825633441612e-34
4,maemuki_score,Maemuki,10_flow_attitude,Flow attitude,0.38963918634971262,0.84615384615384615,0.37923647003104483,0.85085855017236223,0.62844713371186822,6.3102825633441612e-34
4,maemuki_score,Maemuki,10_flow_attitude,Flow attitude,-0.42371142502721448,-0.30769230769230771,-0.41837659492268459,-0.30250829653196759,0.62844713371186822,6.3102825633441612e-34
4,maemuki_score,Maemuki,10_flow_attitude,Flow attitude,0.21929160021265279,1.0769230769230769,0.21363028759566621,1.0589959039083547,0.62844713371186822,6.3102825633441612e-34
4,maemuki_score,Maemuki,10_flow_attitude,Flow attitude,0.044255841624262597,1.1538461538461535,0.053390785505091298,1.1501390928307051,0.62844713371186822,6.3102825633441612e-34
4,maemuki_score,Maemuki,10_flow_attitude,Flow attitude,1.5361446545657071,1.9230769230769231,1.5361432320518738,1.9343232533036856,0.62844713371186822,6.3102825633441612e-34
4,maemuki_score,Maemuki,10_flow_attitude,Flow attitude,0.706487493987494,0.61538461538461542,0.70433301852937413,0.61834786425345278,0.62844713371186822,6.3102825633441612e-34
4,maemuki_score,Maemuki,10_flow_attitude,Flow attitude,0.52205672008303583,-0.0769230769230769,0.537072175275074,-0.076744479031903901,0.62844713371186822,6.3102825633441612e-34
4,maemuki_score,Maemuki,10_flow_attitude,Flow attitude,0.3942656515024936,0.69230769230769229,0.3921266890787985,0.69021133906664067,0.62844713371186822,6.3102825633441612e-34
4,maemuki_score,Maemuki,10_flow_attitude,Flow attitude,0.46542872332346019,1.0769230769230769,0.47431800436476368,1.0605026523227588,0.62844713371186822,6.3102825633441612e-34
4,maemuki_score,Maemuki,10_flow_attitude,Flow attitude,1.0604456216298319,1.1538461538461535,1.0460331315340758,1.1597701774247289,0.62844713371186822,6.3102825633441612e-34
4,maemuki_score,Maemuki,10_flow_attitude,Flow attitude,1.6024198754461914,1,1.5957748373430454,1.0057574241929623,0.62844713371186822,6.3102825633441612e-34
4,maemuki_score,Maemuki,10_flow_attitude,Flow attitude,0.65955893521682996,0.1538461538461538,0.65787728924937261,0.16440949461206181,0.62844713371186822,6.3102825633441612e-34
4,maemuki_score,Maemuki,10_flow_attitude,Flow attitude,0.66667109693425486,1,0.67897672557893407,1.0092228248210815,0.62844713371186822,6.3102825633441612e-34
4,maemuki_score,Maemuki,10_flow_attitude,Flow attitude,0.7129347991190097,1.5384615384615383,0.72788624984592221,1.5312575624751137,0.62844713371186822,6.3102825633441612e-34
4,maemuki_score,Maemuki,10_flow_attitude,Flow attitude,0.64487607908660538,1,0.64333907678177438,0.99048554840268399,0.62844713371186822,6.3102825633441612e-34
4,maemuki_score,Maemuki,10_flow_attitude,Flow attitude,1.7575824029771401,1.7692307692307692,1.7610833586160453,1.7717122713987654,0.62844713371186822,6.3102825633441612e-34
4,maemuki_score,Maemuki,10_flow_attitude,Flow attitude,1.2649844307739049,0.76923076923076927,1.2648429204978811,0.7851895077974983,0.62844713371186822,6.3102825633441612e-34
4,maemuki_score,Maemuki,10_flow_attitude,Flow attitude,1.2989547732968785,1.0769230769230769,1.3090536764252725,1.0594073648483735,0.62844713371186822,6.3102825633441612e-34
4,maemuki_score,Maemuki,10_flow_attitude,Flow attitude,0.18274410774410771,0.1538461538461538,0.17664445510764079,0.13718610674824999,0.62844713371186822,6.3102825633441612e-34
4,maemuki_score,Maemuki,10_flow_attitude,Flow attitude,1.2636657932710564,0.61538461538461542,1.2494987294350284,0.60097308379715952,0.62844713371186822,6.3102825633441612e-34
4,maemuki_score,Maemuki,10_flow_attitude,Flow attitude,1.6214225589225588,1.4615384615384617,1.6102288839943371,1.4612859204737136,0.62844713371186822,6.3102825633441612e-34
4,maemuki_score,Maemuki,10_flow_attitude,Flow attitude,0.77675628465102142,1.5384615384615383,0.78066081883665295,1.5520593003591734,0.62844713371186822,6.3102825633441612e-34
4,maemuki_score,Maemuki,10_flow_attitude,Flow attitude,1.8048802561960455,1.8461538461538465,1.8161172554276364,1.8548700037007004,0.62844713371186822,6.3102825633441612e-34
4,maemuki_score,Maemuki,10_flow_attitude,Flow attitude,-0.82288328143591316,-0.61538461538461542,-0.83599294842983651,-0.61223259644052253,0.62844713371186822,6.3102825633441612e-34
4,maemuki_score,Maemuki,10_flow_attitude,Flow attitude,0.57941223007012477,0.0769230769230769,0.58669051228108304,0.065900284738144799,0.62844713371186822,6.3102825633441612e-34
4,maemuki_score,Maemuki,10_flow_attitude,Flow attitude,0.98841738183843442,1.0769230769230769,0.98736032747982583,1.064037975727163,0.62844713371186822,6.3102825633441612e-34
4,maemuki_score,Maemuki,10_flow_attitude,Flow attitude,-0.61056871977924621,0.30769230769230771,-0.59571231875250863,0.29153891321070158,0.62844713371186822,6.3102825633441612e-34
4,maemuki_score,Maemuki,10_flow_attitude,Flow attitude,1.5123870281765019,1.8461538461538465,1.4978178091921579,1.8360888911945952,0.62844713371186822,6.3102825633441612e-34
4,maemuki_score,Maemuki,10_flow_attitude,Flow attitude,0.35487202855623912,0.69230769230769229,0.35528307694766431,0.69526888623498362,0.62844713371186822,6.3102825633441612e-34
4,maemuki_score,Maemuki,10_flow_attitude,Flow attitude,0.21364522417153989,0.76923076923076927,0.21959724637407371,0.75848290703591259,0.62844713371186822,6.3102825633441612e-34
4,maemuki_score,Maemuki,10_flow_attitude,Flow attitude,1.7291239462292092,1.3846153846153846,1.7160239643913822,1.3886648735483462,0.62844713371186822,6.3102825633441612e-34
4,maemuki_score,Maemuki,10_flow_attitude,Flow attitude,2.110990544543176,2.6153846153846154,2.1204246140173737,2.6043502095032767,0.62844713371186822,6.3102825633441612e-34
4,maemuki_score,Maemuki,10_flow_attitude,Flow attitude,1.7968130553656871,2.2307692307692308,1.7873528045607268,2.2349924368209297,0.62844713371186822,6.3102825633441612e-34
4,maemuki_score,Maemuki,10_flow_attitude,Flow attitude,0.98868288144603922,1.3846153846153846,1.0023684115768825,1.3841921747526624,0.62844713371186822,6.3102825633441612e-34
4,maemuki_score,Maemuki,10_flow_attitude,Flow attitude,0.83221026049973412,1,0.82924380022321542,1.0179403763297259,0.62844713371186822,6.3102825633441612e-34
4,maemuki_score,Maemuki,10_flow_attitude,Flow attitude,1.0502085390243283,1.7692307692307692,1.0344710030927295,1.778827681204499,0.62844713371186822,6.3102825633441612e-34
4,maemuki_score,Maemuki,10_flow_attitude,Flow attitude,1.0258623199412673,1.1538461538461535,1.0315947880314047,1.1532620945674563,0.62844713371186822,6.3102825633441612e-34
4,maemuki_score,Maemuki,10_flow_attitude,Flow attitude,0.2014430014430014,1.3846153846153846,0.18634915773599539,1.3815349035592006,0.62844713371186822,6.3102825633441612e-34
4,maemuki_score,Maemuki,10_flow_attitude,Flow attitude,0.32902141717931188,1.2307692307692308,0.32815510795415898,1.2239304171602947,0.62844713371186822,6.3102825633441612e-34
4,maemuki_score,Maemuki,10_flow_attitude,Flow attitude,1.1581355535302906,1.8461538461538465,1.1667694663420287,1.85080795454249,0.62844713371186822,6.3102825633441612e-34
4,maemuki_score,Maemuki,10_flow_attitude,Flow attitude,1.1600032277663861,0.61538461538461542,1.161183716092697,0.62990299345264655,0.62844713371186822,6.3102825633441612e-34
4,maemuki_score,Maemuki,10_flow_attitude,Flow attitude,0.2604778992936887,1.4615384615384617,0.26864674281514811,1.4775170649127274,0.62844713371186822,6.3102825633441612e-34
4,maemuki_score,Maemuki,10_flow_attitude,Flow attitude,0.3007917521075415,1,0.3100084148877093,1.0034768753066752,0.62844713371186822,6.3102825633441612e-34
4,maemuki_score,Maemuki,10_flow_attitude,Flow attitude,1.4618677375256324,2,1.4532839601000485,2.0044402025355659,0.62844713371186822,6.3102825633441612e-34
4,maemuki_score,Maemuki,10_flow_attitude,Flow attitude,1.162545884914306,1.4615384615384617,1.1619701960995712,1.4632942015388497,0.62844713371186822,6.3102825633441612e-34
4,maemuki_score,Maemuki,10_flow_attitude,Flow attitude,1.0384347864611021,0.92307692307692324,1.0412189023835976,0.92483961947096804,0.62844713371186822,6.3102825633441612e-34
4,maemuki_score,Maemuki,10_flow_attitude,Flow attitude,1.4216241360978203,1.6153846153846154,1.4088511462913449,1.5971732691257583,0.62844713371186822,6.3102825633441612e-34
4,maemuki_score,Maemuki,10_flow_attitude,Flow attitude,1.4423872180451127,1.9230769230769231,1.445321927733269,1.9117152241098183,0.62844713371186822,6.3102825633441612e-34
4,maemuki_score,Maemuki,10_flow_attitude,Flow attitude,-0.015446760841497599,-0.2307692307692307,-0.017953142203893602,-0.22833534455922319,0.62844713371186822,6.3102825633441612e-34
4,maemuki_score,Maemuki,10_flow_attitude,Flow attitude,0.46388509151667051,0.30769230769230771,0.47056473583663339,0.30731304916949009,0.62844713371186822,6.3102825633441612e-34
4,maemuki_score,Maemuki,10_flow_attitude,Flow attitude,0.2707102351839194,0.84615384615384615,0.25638490420066601,0.86135247182129571,0.62844713371186822,6.3102825633441612e-34
4,maemuki_score,Maemuki,10_flow_attitude,Flow attitude,0.45722418419786848,0.46153846153846151,0.45356685194362639,0.44884901203202637,0.62844713371186822,6.3102825633441612e-34
4,maemuki_score,Maemuki,10_flow_attitude,Flow attitude,0.38999170907065639,0.30769230769230771,0.39323506543272407,0.30205434280740517,0.62844713371186822,6.3102825633441612e-34
4,maemuki_score,Maemuki,10_flow_attitude,Flow attitude,0.33597788663578138,0.53846153846153844,0.32619337011497218,0.54255298547220565,0.62844713371186822,6.3102825633441612e-34
4,maemuki_score,Maemuki,10_flow_attitude,Flow attitude,2.1323165869218497,2.2307692307692308,2.11784614587298,2.234891876960035,0.62844713371186822,6.3102825633441612e-34
4,maemuki_score,Maemuki,10_flow_attitude,Flow attitude,1.0424081035923145,1.6923076923076923,1.0571473813797587,1.7071215589803539,0.62844713371186822,6.3102825633441612e-34
4,maemuki_score,Maemuki,10_flow_attitude,Flow attitude,1.1997443102706262,1.2307692307692308,1.2015639602307098,1.2464610781594161,0.62844713371186822,6.3102825633441612e-34
4,maemuki_score,Maemuki,10_flow_attitude,Flow attitude,0.84291536923115862,0.92307692307692324,0.8341115454841036,0.91060594251889537,0.62844713371186822,6.3102825633441612e-34
4,maemuki_score,Maemuki,10_flow_attitude,Flow attitude,1.1371898812688288,0.61538461538461542,1.1363123809085909,0.63196066535032813,0.62844713371186822,6.3102825633441612e-34
4,maemuki_score,Maemuki,10_flow_attitude,Flow attitude,1.2484183944710261,1,1.2502774475335134,0.98172630665912097,0.62844713371186822,6.3102825633441612e-34
4,maemuki_score,Maemuki,10_flow_attitude,Flow attitude,0.32723032328295493,1.8461538461538465,0.31561259524518998,1.8564590400892009,0.62844713371186822,6.3102825633441612e-34
4,maemuki_score,Maemuki,10_flow_attitude,Flow attitude,0.42819422293106502,-0.2307692307692307,0.42066994191328078,-0.23182052275868051,0.62844713371186822,6.3102825633441612e-34
4,maemuki_score,Maemuki,10_flow_attitude,Flow attitude,0.78630984025720863,1.7692307692307692,0.79077219323393488,1.7670203484464468,0.62844713371186822,6.3102825633441612e-34
4,maemuki_score,Maemuki,10_flow_attitude,Flow attitude,0.87809169388116759,2.0769230769230771,0.87226880610426705,2.0759805776349824,0.62844713371186822,6.3102825633441612e-34
4,maemuki_score,Maemuki,10_flow_attitude,Flow attitude,0.55830959975696814,0.76923076923076927,0.57106698101994224,0.75315297098996803,0.62844713371186822,6.3102825633441612e-34
4,maemuki_score,Maemuki,10_flow_attitude,Flow attitude,0.59023062707273233,0.92307692307692324,0.59125932084226773,0.92199700638787563,0.62844713371186822,6.3102825633441612e-34
4,maemuki_score,Maemuki,10_flow_attitude,Flow attitude,0.79341219209640257,0.46153846153846151,0.79108915749194653,0.46017884004974557,0.62844713371186822,6.3102825633441612e-34
4,maemuki_score,Maemuki,10_flow_attitude,Flow attitude,1.4707399812662971,2.2307692307692308,1.4742321113955079,2.2231399486539023,0.62844713371186822,6.3102825633441612e-34
4,maemuki_score,Maemuki,10_flow_attitude,Flow attitude,0.1798922812080706,-0.30769230769230771,0.18614928433118849,-0.31321710525876789,0.62844713371186822,6.3102825633441612e-34
4,maemuki_score,Maemuki,10_flow_attitude,Flow attitude,1.2856547935495304,0.69230769230769229,1.2753358825275645,0.70679829273631245,0.62844713371186822,6.3102825633441612e-34
4,maemuki_score,Maemuki,10_flow_attitude,Flow attitude,1.4939688235740869,1,1.485973070014148,1.003643262316128,0.62844713371186822,6.3102825633441612e-34
4,maemuki_score,Maemuki,10_flow_attitude,Flow attitude,1.4896594390015443,1.5384615384615383,1.478992691693664,1.5550987330103192,0.62844713371186822,6.3102825633441612e-34
4,maemuki_score,Maemuki,10_flow_attitude,Flow attitude,-0.26517651451861979,0.0769230769230769,-0.25812246844308667,0.0600557163506268,0.62844713371186822,6.3102825633441612e-34
4,maemuki_score,Maemuki,10_flow_attitude,Flow attitude,0.22296176046176039,0.53846153846153844,0.215941433964882,0.53816925234739277,0.62844713371186822,6.3102825633441612e-34
4,maemuki_score,Maemuki,10_flow_attitude,Flow attitude,0.44832599174704441,0.2307692307692307,0.45043276252225101,0.23870653071837161,0.62844713371186822,6.3102825633441612e-34
4,maemuki_score,Maemuki,10_flow_attitude,Flow attitude,-1.0844041922989291,-0.61538461538461542,-1.0840222352049165,-0.61471695334976773,0.62844713371186822,6.3102825633441612e-34
4,maemuki_score,Maemuki,10_flow_attitude,Flow attitude,0.96815776815776822,1.2307692307692308,0.98079034201546977,1.2346656733644108,0.62844713371186822,6.3102825633441612e-34
4,maemuki_score,Maemuki,10_flow_attitude,Flow attitude,0.7970393154603681,0.92307692307692324,0.80606014734058729,0.93445745146910197,0.62844713371186822,6.3102825633441612e-34
4,maemuki_score,Maemuki,10_flow_attitude,Flow attitude,1.9722601959444064,2.9230769230769229,1.9782039064123376,2.9285053889533792,0.62844713371186822,6.3102825633441612e-34
4,maemuki_score,Maemuki,10_flow_attitude,Flow attitude,1.1094374193058405,0.30769230769230771,1.0954198402672366,0.3200842605257409,0.62844713371186822,6.3102825633441612e-34
4,maemuki_score,Maemuki,10_flow_attitude,Flow attitude,1.4033916862864233,1.8461538461538465,1.4176226955957814,1.8519501664531643,0.62844713371186822,6.3102825633441612e-34
4,maemuki_score,Maemuki,10_flow_attitude,Flow attitude,0.7532486519328625,0.61538461538461542,0.76127984848623809,0.63007835868691675,0.62844713371186822,6.3102825633441612e-34
4,maemuki_score,Maemuki,10_flow_attitude,Flow attitude,1.8590953393584977,1.7692307692307692,1.8563983286933012,1.7581663003293089,0.62844713371186822,6.3102825633441612e-34
4,maemuki_score,Maemuki,10_flow_attitude,Flow attitude,0.64438938254727729,0.38461538461538458,0.65595771728583674,0.40000620847680141,0.62844713371186822,6.3102825633441612e-34
4,maemuki_score,Maemuki,10_flow_attitude,Flow attitude,1.2073618389407863,1.7692307692307692,1.2221840991087161,1.784275045267075,0.62844713371186822,6.3102825633441612e-34
4,maemuki_score,Maemuki,10_flow_attitude,Flow attitude,1.2563352826510723,1.2307692307692308,1.2429887238222694,1.2478956980304534,0.62844713371186822,6.3102825633441612e-34
4,maemuki_score,Maemuki,10_flow_attitude,Flow attitude,1.2591291992607785,1.6153846153846154,1.2473929232246099,1.6201560451808952,0.62844713371186822,6.3102825633441612e-34
4,maemuki_score,Maemuki,10_flow_attitude,Flow attitude,1.6070042530568849,1.3846153846153846,1.5990153723881182,1.3921188983293336,0.62844713371186822,6.3102825633441612e-34
4,maemuki_score,Maemuki,10_flow_attitude,Flow attitude,1.2706295410242778,1.1538461538461535,1.281314102856397,1.1441269699008969,0.62844713371186822,6.3102825633441612e-34
4,maemuki_score,Maemuki,10_flow_attitude,Flow attitude,0.78234664945191268,1.3076923076923077,0.79127503723764669,1.3072056785299433,0.62844713371186822,6.3102825633441612e-34
4,maemuki_score,Maemuki,10_flow_attitude,Flow attitude,-0.092306207437786295,0.92307692307692324,-0.076897833298181006,0.91948536164589401,0.62844713371186822,6.3102825633441612e-34
4,maemuki_score,Maemuki,10_flow_attitude,Flow attitude,0.44276379079010658,0.2307692307692307,0.43368159981970561,0.21789400476914289,0.62844713371186822,6.3102825633441612e-34
4,maemuki_score,Maemuki,10_flow_attitude,Flow attitude,1.0052160071896914,1.7692307692307692,1.0013904994356038,1.7810879929343268,0.62844713371186822,6.3102825633441612e-34
4,maemuki_score,Maemuki,10_flow_attitude,Flow attitude,0.95497582339687603,1.5384615384615383,0.96265191001473682,1.540079084493744,0.62844713371186822,6.3102825633441612e-34
4,maemuki_score,Maemuki,10_flow_attitude,Flow attitude,0.8411733247259563,1.4615384615384617,0.83487890021046751,1.4664440108835612,0.62844713371186822,6.3102825633441612e-34
4,maemuki_score,Maemuki,10_flow_attitude,Flow attitude,-0.23093624212045261,0.2307692307692307,-0.23272910750644321,0.2471868747199108,0.62844713371186822,6.3102825633441612e-34
4,maemuki_score,Maemuki,10_flow_attitude,Flow attitude,0.7867158426368952,0.0769230769230769,0.78576275767650827,0.060067940891272403,0.62844713371186822,6.3102825633441612e-34
4,maemuki_score,Maemuki,10_flow_attitude,Flow attitude,0.1323928508139034,0.92307692307692324,0.13269841071752059,0.92269583542288158,0.62844713371186822,6.3102825633441612e-34
4,maemuki_score,Maemuki,10_flow_attitude,Flow attitude,1.2854598617756512,1.6153846153846154,1.2987738990925899,1.626493527305328,0.62844713371186822,6.3102825633441612e-34
4,maemuki_score,Maemuki,10_flow_attitude,Flow attitude,-0.0080687830687829996,0.46153846153846151,-0.015293888971964599,0.46230315509110248,0.62844713371186822,6.3102825633441612e-34
4,maemuki_score,Maemuki,10_flow_attitude,Flow attitude,0.71232152350573397,0.53846153846153844,0.71290305128997067,0.5292049200802329,0.62844713371186822,6.3102825633441612e-34
4,maemuki_score,Maemuki,10_flow_attitude,Flow attitude,0.51172343738133219,0.53846153846153844,0.52205616320211878,0.55540298108386055,0.62844713371186822,6.3102825633441612e-34
4,maemuki_score,Maemuki,10_flow_attitude,Flow attitude,-0.1411935773777879,0.1538461538461538,-0.1264137220701666,0.1480132764700548,0.62844713371186822,6.3102825633441612e-34
5,maemuki_score,Maemuki,10_flow_attitude,Flow attitude,0.62552846763373082,0.84615384615384615,0.62256865322327404,0.85457055943844229,0.62844713371186822,6.3102825633441612e-34
5,maemuki_score,Maemuki,10_flow_attitude,Flow attitude,0.44899717728665101,0.53846153846153844,0.46162699687409331,0.52868520428405097,0.62844713371186822,6.3102825633441612e-34
5,maemuki_score,Maemuki,10_flow_attitude,Flow attitude,0.43980373914584431,0.92307692307692324,0.4427925382115534,0.92105670575435716,0.62844713371186822,6.3102825633441612e-34
5,maemuki_score,Maemuki,10_flow_attitude,Flow attitude,0.75243506493506496,1.2307692307692308,0.75786435842984212,1.2161358499375481,0.62844713371186822,6.3102825633441612e-34
5,maemuki_score,Maemuki,10_flow_attitude,Flow attitude,0.29329352421457688,0.61538461538461542,0.30826579167121287,0.6224150479088344,0.62844713371186822,6.3102825633441612e-34
5,maemuki_score,Maemuki,10_flow_attitude,Flow attitude,0.46176330978962549,0.53846153846153844,0.455416643234689,0.54995484236974257,0.62844713371186822,6.3102825633441612e-34
5,maemuki_score,Maemuki,10_flow_attitude,Flow attitude,0.70048606364395849,1.0769230769230769,0.7028781588041908,1.0908082779038373,0.62844713371186822,6.3102825633441612e-34
5,maemuki_score,Maemuki,10_flow_attitude,Flow attitude,-0.79237234500392395,-0.61538461538461542,-0.78928912513203398,-0.63171951881338873,0.62844713371186822,6.3102825633441612e-34
5,maemuki_score,Maemuki,10_flow_attitude,Flow attitude,-0.19829371408318769,-0.1538461538461538,-0.19007381749854371,-0.16383497285230661,0.62844713371186822,6.3102825633441612e-34
5,maemuki_score,Maemuki,10_flow_attitude,Flow attitude,0.71425090504037869,0.84615384615384615,0.72535388796386702,0.86333413501857781,0.62844713371186822,6.3102825633441612e-34
5,maemuki_score,Maemuki,10_flow_attitude,Flow attitude,-0.24715829978987869,0.2307692307692307,-0.23720747989011029,0.23022086104933981,0.62844713371186822,6.3102825633441612e-34
5,maemuki_score,Maemuki,10_flow_attitude,Flow attitude,0.4262771828561302,0.46153846153846151,0.4241110777018392,0.47305409867076731,0.62844713371186822,6.3102825633441612e-34
5,maemuki_score,Maemuki,10_flow_attitude,Flow attitude,-0.86130192906508696,-0.1538461538461538,-0.84752830678195001,-0.15768026570915031,0.62844713371186822,6.3102825633441612e-34
5,maemuki_score,Maemuki,10_flow_attitude,Flow attitude,1.0412233234601658,0.76923076923076927,1.0255749249403827,0.77001176201547261,0.62844713371186822,6.3102825633441612e-34
5,maemuki_score,Maemuki,10_flow_attitude,Flow attitude,1.7468579909369384,2.1538461538461537,1.7515660894976752,2.1449268930812453,0.62844713371186822,6.3102825633441612e-34
5,maemuki_score,Maemuki,10_flow_attitude,Flow attitude,1.0651132249816462,1.7692307692307692,1.0719010637663684,1.7664693516771424,0.62844713371186822,6.3102825633441612e-34
5,maemuki_score,Maemuki,10_flow_attitude,Flow attitude,1.0697507658033976,1.8461538461538465,1.0685545975390649,1.8639118877047676,0.62844713371186822,6.3102825633441612e-34
5,maemuki_score,Maemuki,10_flow_attitude,Flow attitude,1.3146923495607703,2,1.3226790955941226,1.9970067915031124,0.62844713371186822,6.3102825633441612e-34
5,maemuki_score,Maemuki,10_flow_attitude,Flow attitude,0.70462962962962961,0.53846153846153844,0.7029278086211056,0.53410689480763662,0.62844713371186822,6.3102825633441612e-34
5,maemuki_score,Maemuki,10_flow_attitude,Flow attitude,-0.082004253056884593,1.3076923076923077,-0.078945915604511099,1.2999300991112519,0.62844713371186822,6.3102825633441612e-34
5,maemuki_score,Maemuki,10_flow_attitude,Flow attitude,0.3443118528644844,0.92307692307692324,0.33731405956872568,0.92438663851048242,0.62844713371186822,6.3102825633441612e-34
5,maemuki_score,Maemuki,10_flow_attitude,Flow attitude,0.62416932482721954,1.6153846153846154,0.63036840401566807,1.6210055915737331,0.62844713371186822,6.3102825633441612e-34
5,maemuki_score,Maemuki,10_flow_attitude,Flow attitude,1.0971953241690084,2.1538461538461537,1.0971410769296197,2.1659600853546417,0.62844713371186822,6.3102825633441612e-34
5,maemuki_score,Maemuki,10_flow_attitude,Flow attitude,0.81572270322270313,0.92307692307692324,0.80547314311354867,0.93524931627699837,0.62844713371186822,6.3102825633441612e-34
5,maemuki_score,Maemuki,10_flow_attitude,Flow attitude,0.4648008911166806,1.2307692307692308,0.47371237764275931,1.2202458686269153,0.62844713371186822,6.3102825633441612e-34
5,maemuki_score,Maemuki,10_flow_attitude,Flow attitude,1.2324846206425155,1.1538461538461535,1.2413117162982763,1.1479842935911602,0.62844713371186822,6.3102825633441612e-34
5,maemuki_score,Maemuki,10_flow_attitude,Flow attitude,-0.2454969494443178,1.3076923076923077,-0.2609402181013411,1.3241343342193412,0.62844713371186822,6.3102825633441612e-34
5,maemuki_score,Maemuki,10_flow_attitude,Flow attitude,0.56862864231285282,1.3846153846153846,0.57793900440801138,1.4026542494762917,0.62844713371186822,6.3102825633441612e-34
5,maemuki_score,Maemuki,10_flow_attitude,Flow attitude,1.0989126857547911,1.0769230769230769,1.0943481731801987,1.0787956049610197,0.62844713371186822,6.3102825633441612e-34
5,maemuki_score,Maemuki,10_flow_attitude,Flow attitude,1.6386838307890941,1.3076923076923077,1.6493752047337389,1.3228571888262877,0.62844713371186822,6.3102825633441612e-34
5,maemuki_score,Maemuki,10_flow_attitude,Flow attitude,1.3674976582871321,1.4615384615384617,1.3564812132862396,1.4660242234916514,0.62844713371186822,6.3102825633441612e-34
5,maemuki_score,Maemuki,10_flow_attitude,Flow attitude,0.5117803979646085,1.2307692307692308,0.50761827426874195,1.2201057160174344,0.62844713371186822,6.3102825633441612e-34
5,maemuki_score,Maemuki,10_flow_attitude,Flow attitude,1.0637768664084453,1.3846153846153846,1.0681122902909237,1.3940565142758961,0.62844713371186822,6.3102825633441612e-34
5,maemuki_score,Maemuki,10_flow_attitude,Flow attitude,-0.079114136350978401,-0.1538461538461538,-0.079434386293618195,-0.15884591674391099,0.62844713371186822,6.3102825633441612e-34
5,maemuki_score,Maemuki,10_flow_attitude,Flow attitude,1.9343095744411536,2.2307692307692308,1.947977586039852,2.2382782444957989,0.62844713371186822,6.3102825633441612e-34
5,maemuki_score,Maemuki,10_flow_attitude,Flow attitude,1.0058909901015165,1.0769230769230769,0.99434723693667038,1.0713274735818787,0.62844713371186822,6.3102825633441612e-34
5,maemuki_score,Maemuki,10_flow_attitude,Flow attitude,1.0437112351586035,0.38461538461538458,1.046552508042857,0.38445658718825498,0.62844713371186822,6.3102825633441612e-34
5,maemuki_score,Maemuki,10_flow_attitude,Flow attitude,0.013318017265385699,1.4615384615384617,2.2611936163121488e-06,1.4531761599620769,0.62844713371186822,6.3102825633441612e-34
5,maemuki_score,Maemuki,10_flow_attitude,Flow attitude,0.89290619224829748,1.0769230769230769,0.90013996541492325,1.0682939715281501,0.62844713371186822,6.3102825633441612e-34
5,maemuki_score,Maemuki,10_flow_attitude,Flow attitude,-0.38297353231563758,0.0769230769230769,-0.38285018229355211,0.0593127039072135,0.62844713371186822,6.3102825633441612e-34
5,maemuki_score,Maemuki,10_flow_attitude,Flow attitude,0.44831111870585549,0.46153846153846151,0.4584157822255237,0.44980665951149251,0.62844713371186822,6.3102825633441612e-34
5,maemuki_score,Maemuki,10_flow_attitude,Flow attitude,0.90499670894407735,1.2307692307692308,0.91103747183476602,1.2176920108728155,0.62844713371186822,6.3102825633441612e-34
5,maemuki_score,Maemuki,10_flow_attitude,Flow attitude,0.77611294650768337,1.6153846153846154,0.78930811693543323,1.60356110726729,0.62844713371186822,6.3102825633441612e-34
5,maemuki_score,Maemuki,10_flow_attitude,Flow attitude,1.4871857674489253,1.6153846153846154,1.4808440034253003,1.5988992647199207,0.62844713371186822,6.3102825633441612e-34
5,maemuki_score,Maemuki,10_flow_attitude,Flow attitude,1.2061757930178982,0.69230769230769229,1.1930713327507574,0.69907798743465321,0.62844713371186822,6.3102825633441612e-34
5,maemuki_score,Maemuki,10_flow_attitude,Flow attitude,0.498358269410901,0.53846153846153844,0.48962586380631468,0.52178867028693321,0.62844713371186822,6.3102825633441612e-34
5,maemuki_score,Maemuki,10_flow_attitude,Flow attitude,1.0490816688185109,-0.0769230769230769,1.0646552058720906,-0.077911478605297804,0.62844713371186822,6.3102825633441612e-34
5,maemuki_score,Maemuki,10_flow_attitude,Flow attitude,0.58322574112047798,1.6153846153846154,0.57876809683648178,1.6299541466611545,0.62844713371186822,6.3102825633441612e-34
5,maemuki_score,Maemuki,10_flow_attitude,Flow attitude,1.2707697273486749,0.92307692307692324,1.2781733869212586,0.92813066405159816,0.62844713371186822,6.3102825633441612e-34
5,maemuki_score,Maemuki,10_flow_attitude,Flow attitude,0.5279110022531075,1,0.53428842733214021,0.98623074259536936,0.62844713371186822,6.3102825633441612e-34
5,maemuki_score,Maemuki,10_flow_attitude,Flow attitude,1.288112326270221,1.3846153846153846,1.2764290006988923,1.3980621958458617,0.62844713371186822,6.3102825633441612e-34
5,maemuki_score,Maemuki,10_flow_attitude,Flow attitude,0.53353016379332163,1.0769230769230769,0.54599132943603346,1.0735315771775225,0.62844713371186822,6.3102825633441612e-34
5,maemuki_score,Maemuki,10_flow_attitude,Flow attitude,0.56778752436647173,0.53846153846153844,0.57024748888170718,0.5488129224357744,0.62844713371186822,6.3102825633441612e-34
5,maemuki_score,Maemuki,10_flow_attitude,Flow attitude,-0.32091023012075642,1.0769230769230769,-0.33177962285025048,1.0671714469535163,0.62844713371186822,6.3102825633441612e-34
5,maemuki_score,Maemuki,10_flow_attitude,Flow attitude,1.2717896382370066,1,1.2784227669084536,0.99639973946229399,0.62844713371186822,6.3102825633441612e-34
5,maemuki_score,Maemuki,10_flow_attitude,Flow attitude,0.84998481051112629,0.30769230769230771,0.83659405167136669,0.30923902006314669,0.62844713371186822,6.3102825633441612e-34
5,maemuki_score,Maemuki,10_flow_attitude,Flow attitude,1.2318729272676641,1.3846153846153846,1.2439891349437029,1.3705601636583151,0.62844713371186822,6.3102825633441612e-34
5,maemuki_score,Maemuki,10_flow_attitude,Flow attitude,1.3612275638591429,1.6153846153846154,1.3513070016843842,1.6096035132076103,0.62844713371186822,6.3102825633441612e-34
5,maemuki_score,Maemuki,10_flow_attitude,Flow attitude,1.5579662540188854,1.4615384615384617,1.5673259142946574,1.4743823309843889,0.62844713371186822,6.3102825633441612e-34
5,maemuki_score,Maemuki,10_flow_attitude,Flow attitude,1.146104528999266,1.4615384615384617,1.1456420835781742,1.4681903143889483,0.62844713371186822,6.3102825633441612e-34
5,maemuki_score,Maemuki,10_flow_attitude,Flow attitude,-0.29541214146477301,-0.2307692307692307,-0.2979882221050012,-0.23448476810994059,0.62844713371186822,6.3102825633441612e-34
5,maemuki_score,Maemuki,10_flow_attitude,Flow attitude,1.0417527404369511,1.3846153846153846,1.0303746686358171,1.383284411080415,0.62844713371186822,6.3102825633441612e-34
5,maemuki_score,Maemuki,10_flow_attitude,Flow attitude,0.65278157514999624,1.2307692307692308,0.66211783585637118,1.2282892146117257,0.62844713371186822,6.3102825633441612e-34
5,maemuki_score,Maemuki,10_flow_attitude,Flow attitude,0.38146914002177162,-1.1538461538461535,0.39145326317076601,-1.1478602003779861,0.62844713371186822,6.3102825633441612e-34
5,maemuki_score,Maemuki,10_flow_attitude,Flow attitude,0.69338655983392827,0.84615384615384615,0.68086489491082058,0.84203495529802153,0.62844713371186822,6.3102825633441612e-34
5,maemuki_score,Maemuki,10_flow_attitude,Flow attitude,1.9109747221589328,0.46153846153846151,1.9133146829961241,0.45459475269404231,0.62844713371186822,6.3102825633441612e-34
5,maemuki_score,Maemuki,10_flow_attitude,Flow attitude,1.4150274676590469,1.2307692307692308,1.4100577805302332,1.2189656970639988,0.62844713371186822,6.3102825633441612e-34
5,maemuki_score,Maemuki,10_flow_attitude,Flow attitude,0.61110763018657754,1.0769230769230769,0.59968265707376067,1.0823508965199009,0.62844713371186822,6.3102825633441612e-34
5,maemuki_score,Maemuki,10_flow_attitude,Flow attitude,0.26447938026885398,1.5384615384615383,0.2720990667152054,1.5275223649516301,0.62844713371186822,6.3102825633441612e-34
5,maemuki_score,Maemuki,10_flow_attitude,Flow attitude,0.33386085162400941,-0.0769230769230769,0.3210459062476122,-0.0611791090247591,0.62844713371186822,6.3102825633441612e-34
5,maemuki_score,Maemuki,10_flow_attitude,Flow attitude,-0.43764778106883367,-0.84615384615384615,-0.44405865490767621,-0.85506474701260626,0.62844713371186822,6.3102825633441612e-34
5,maemuki_score,Maemuki,10_flow_attitude,Flow attitude,1.1793017898281055,1.4615384615384617,1.1857312873297161,1.4594784272382022,0.62844713371186822,6.3102825633441612e-34
5,maemuki_score,Maemuki,10_flow_attitude,Flow attitude,1.2739205969469127,0.84615384615384615,1.2655649268302964,0.84196719564647249,0.62844713371186822,6.3102825633441612e-34
5,maemuki_score,Maemuki,10_flow_attitude,Flow attitude,1.6081713121186807,1.1538461538461535,1.6186938170885918,1.1591064183291553,0.62844713371186822,6.3102825633441612e-34
5,maemuki_score,Maemuki,10_flow_attitude,Flow attitude,1.6960703526493002,2.2307692307692308,1.6948270493724931,2.2129607105352038,0.62844713371186822,6.3102825633441612e-34
5,maemuki_score,Maemuki,10_flow_attitude,Flow attitude,1.4315700868332446,1.2307692307692308,1.4178313287928439,1.2301805332702751,0.62844713371186822,6.3102825633441612e-34
5,maemuki_score,Maemuki,10_flow_attitude,Flow attitude,1.5066124908230172,1,1.5090424903189319,0.99334586122996482,0.62844713371186822,6.3102825633441612e-34
5,maemuki_score,Maemuki,10_flow_attitude,Flow attitude,0.81450311384521912,0.38461538461538458,0.82027501685727544,0.38677947760150222,0.62844713371186822,6.3102825633441612e-34
5,maemuki_score,Maemuki,10_flow_attitude,Flow attitude,0.58711646540593909,1.6923076923076923,0.59125088075480459,1.6910623607681077,0.62844713371186822,6.3102825633441612e-34
5,maemuki_score,Maemuki,10_flow_attitude,Flow attitude,1.5477294878610666,1.3846153846153846,1.5327687026335717,1.3811403409972949,0.62844713371186822,6.3102825633441612e-34
5,maemuki_score,Maemuki,10_flow_attitude,Flow attitude,2.4160021265284422,2.3846153846153846,2.4250926862912525,2.3753682107426539,0.62844713371186822,6.3102825633441612e-34
5,maemuki_score,Maemuki,10_flow_attitude,Flow attitude,0.93935596567175517,0.1538461538461538,0.93543148048387725,0.14827261515790349,0.62844713371186822,6.3102825633441612e-34
5,maemuki_score,Maemuki,10_flow_attitude,Flow attitude,0.92229722032353623,1.6153846153846154,0.93360910688828136,1.6330120033533544,0.62844713371186822,6.3102825633441612e-34
5,maemuki_score,Maemuki,10_flow_attitude,Flow attitude,0.52929103060682015,1.1538461538461535,0.54000902836011289,1.1562987937683331,0.62844713371186822,6.3102825633441612e-34
5,maemuki_score,Maemuki,10_flow_attitude,Flow attitude,1.3215890104047998,1.3076923076923077,1.3140509433975267,1.3143418362028565,0.62844713371186822,6.3102825633441612e-34
5,maemuki_score,Maemuki,10_flow_attitude,Flow attitude,1.1277024632287791,1.6153846153846154,1.1217300312963989,1.599545466816777,0.62844713371186822,6.3102825633441612e-34
5,maemuki_score,Maemuki,10_flow_attitude,Flow attitude,0.088896483633325696,1,0.080207629882200607,0.99951609310428402,0.62844713371186822,6.3102825633441612e-34
5,maemuki_score,Maemuki,10_flow_attitude,Flow attitude,1.4884025087972459,1.3846153846153846,1.5001535151093921,1.3754113127754946,0.62844713371186822,6.3102825633441612e-34
5,maemuki_score,Maemuki,10_flow_attitude,Flow attitude,0.25537771195665931,0.69230769230769229,0.2404934250163881,0.68885886050832812,0.62844713371186822,6.3102825633441612e-34
5,maemuki_score,Maemuki,10_flow_attitude,Flow attitude,0.1041476798055745,0.61538461538461542,0.095574321513359498,0.63107469402558092,0.62844713371186822,6.3102825633441612e-34
5,maemuki_score,Maemuki,10_flow_attitude,Flow attitude,0.99301441735652285,0.69230769230769229,0.98707767524322398,0.70849219707824096,0.62844713371186822,6.3102825633441612e-34
5,maemuki_score,Maemuki,10_flow_attitude,Flow attitude,-0.22022733601680969,0.76923076923076927,-0.21472522032744371,0.76888950029845726,0.62844713371186822,6.3102825633441612e-34
5,maemuki_score,Maemuki,10_flow_attitude,Flow attitude,0.94007651705020123,1.3076923076923077,0.95125056415157883,1.3018847278296928,0.62844713371186822,6.3102825633441612e-34
5,maemuki_score,Maemuki,10_flow_attitude,Flow attitude,0.62249151920204548,1.1538461538461535,0.62966744405710429,1.1363940655210634,0.62844713371186822,6.3102825633441612e-34
5,maemuki_score,Maemuki,10_flow_attitude,Flow attitude,1.4652524619629883,1.6923076923076923,1.4522794928119085,1.6854523098500251,0.62844713371186822,6.3102825633441612e-34
5,maemuki_score,Maemuki,10_flow_attitude,Flow attitude,0.91052948026632241,1.2307692307692308,0.91691821276368835,1.2164908150437437,0.62844713371186822,6.3102825633441612e-34
5,maemuki_score,Maemuki,10_flow_attitude,Flow attitude,-0.026279397989924302,-0.2307692307692307,-0.0385079108117172,-0.22280102667752039,0.62844713371186822,6.3102825633441612e-34
5,maemuki_score,Maemuki,10_flow_attitude,Flow attitude,0.60563783195362142,0.61538461538461542,0.61879036093034245,0.6293966462054229,0.62844713371186822,6.3102825633441612e-34
5,maemuki_score,Maemuki,10_flow_attitude,Flow attitude,0.0088798384851016005,0.30769230769230771,-0.0026156710387435001,0.30828107646088149,0.62844713371186822,6.3102825633441612e-34
5,maemuki_score,Maemuki,10_flow_attitude,Flow attitude,0.79141667299562035,1.1538461538461535,0.77893791330009465,1.1711264320176582,0.62844713371186822,6.3102825633441612e-34
5,maemuki_score,Maemuki,10_flow_attitude,Flow attitude,-0.38721709576972729,0.69230769230769229,-0.37590230924395313,0.68931793624264637,0.62844713371186822,6.3102825633441612e-34
5,maemuki_score,Maemuki,10_flow_attitude,Flow attitude,0.1971083010556694,0.46153846153846151,0.19437411047536271,0.45619504413301321,0.62844713371186822,6.3102825633441612e-34
5,maemuki_score,Maemuki,10_flow_attitude,Flow attitude,1.1788024353813826,1.8461538461538465,1.1909945780473563,1.8490882314224928,0.62844713371186822,6.3102825633441612e-34
5,maemuki_score,Maemuki,10_flow_attitude,Flow attitude,1.1147208298524087,1.3846153846153846,1.1010587063412955,1.3769127105416268,0.62844713371186822,6.3102825633441612e-34
5,maemuki_score,Maemuki,10_flow_attitude,Flow attitude,0.0122218424850003,0.84615384615384615,-0.0026024527701089002,0.85410474680672743,0.62844713371186822,6.3102825633441612e-34
5,maemuki_score,Maemuki,10_flow_attitude,Flow attitude,1.0451466418571682,1.3846153846153846,1.0537341448275157,1.3889312243653611,0.62844713371186822,6.3102825633441612e-34
5,maemuki_score,Maemuki,10_flow_attitude,Flow attitude,-0.0058596617807143,1.0769230769230769,-0.0126465120232656,1.0850135610385725,0.62844713371186822,6.3102825633441612e-34
5,maemuki_score,Maemuki,10_flow_attitude,Flow attitude,1.239460076960077,1.4615384615384617,1.2517801011139036,1.4668001087842175,0.62844713371186822,6.3102825633441612e-34
5,maemuki_score,Maemuki,10_flow_attitude,Flow attitude,0.8232373863952811,1.0769230769230769,0.82276872953766478,1.0919086791848691,0.62844713371186822,6.3102825633441612e-34
5,maemuki_score,Maemuki,10_flow_attitude,Flow attitude,0.88670603275866433,1.1538461538461535,0.89835407449246962,1.1460336701789609,0.62844713371186822,6.3102825633441612e-34
5,maemuki_score,Maemuki,10_flow_attitude,Flow attitude,0.46556574517100818,0.61538461538461542,0.46014997027269722,0.60700436541830249,0.62844713371186822,6.3102825633441612e-34
5,maemuki_score,Maemuki,10_flow_attitude,Flow attitude,0.92204247993721677,0.84615384615384615,0.90659569494781844,0.83151654268598307,0.62844713371186822,6.3102825633441612e-34
5,maemuki_score,Maemuki,10_flow_attitude,Flow attitude,0.43975279106858051,0.69230769230769229,0.4304690107100137,0.68541671635131118,0.62844713371186822,6.3102825633441612e-34
5,maemuki_score,Maemuki,10_flow_attitude,Flow attitude,0.348085807954229,0.76923076923076927,0.33839523390374449,0.75127185968921129,0.62844713371186822,6.3102825633441612e-34
5,maemuki_score,Maemuki,10_flow_attitude,Flow attitude,0.89855478342320438,0.84615384615384615,0.8936528687701486,0.82797831513327036,0.62844713371186822,6.3102825633441612e-34
5,maemuki_score,Maemuki,10_flow_attitude,Flow attitude,1.6626541100225312,1.5384615384615383,1.6711420361773317,1.5374644897435381,0.62844713371186822,6.3102825633441612e-34
5,maemuki_score,Maemuki,10_flow_attitude,Flow attitude,0.32594871015923649,0.92307692307692324,0.34110425965847829,0.93843819117063743,0.62844713371186822,6.3102825633441612e-34
5,maemuki_score,Maemuki,10_flow_attitude,Flow attitude,-0.0432027037290195,1.6153846153846154,-0.0320605472618231,1.6146647267569181,0.62844713371186822,6.3102825633441612e-34
5,maemuki_score,Maemuki,10_flow_attitude,Flow attitude,0.51584200399989877,0.69230769230769229,0.50208660244036385,0.70716899334559025,0.62844713371186822,6.3102825633441612e-34
5,maemuki_score,Maemuki,10_flow_attitude,Flow attitude,1.5576143641933116,1.6153846153846154,1.5431062354164613,1.6248111338137368,0.62844713371186822,6.3102825633441612e-34
5,maemuki_score,Maemuki,10_flow_attitude,Flow attitude,0.52820688083845979,0.2307692307692307,0.53125230121945011,0.23739809367712331,0.62844713371186822,6.3102825633441612e-34
5,maemuki_score,Maemuki,10_flow_attitude,Flow attitude,0.83587187666135021,0.38461538461538458,0.82314317086703492,0.38339599378408101,0.62844713371186822,6.3102825633441612e-34
5,maemuki_score,Maemuki,10_flow_attitude,Flow attitude,0.62747050707577023,-0.0769230769230769,0.63444419350153691,-0.066703897601116599,0.62844713371186822,6.3102825633441612e-34
5,maemuki_score,Maemuki,10_flow_attitude,Flow attitude,1.8984968734968737,1.6153846153846154,1.9046801460217997,1.620429866684818,0.62844713371186822,6.3102825633441612e-34
5,maemuki_score,Maemuki,10_flow_attitude,Flow attitude,1.3094231791600213,1.5384615384615383,1.3186330846584238,1.5262982576820872,0.62844713371186822,6.3102825633441612e-34
5,maemuki_score,Maemuki,10_flow_attitude,Flow attitude,0.45776277815751498,1.2307692307692308,0.46212742877124768,1.225656707639045,0.62844713371186822,6.3102825633441612e-34
5,maemuki_score,Maemuki,10_flow_attitude,Flow attitude,0.58820820991873624,0.76923076923076927,0.57609492290989073,0.77086946841426363,0.62844713371186822,6.3102825633441612e-34
5,maemuki_score,Maemuki,10_flow_attitude,Flow attitude,1.2148461431356168,1.7692307692307692,1.2194340904402037,1.780632424237415,0.62844713371186822,6.3102825633441612e-34
5,maemuki_score,Maemuki,10_flow_attitude,Flow attitude,0.43982019442545761,0.76923076923076927,0.43646566650163882,0.76993051047855099,0.62844713371186822,6.3102825633441612e-34
5,maemuki_score,Maemuki,10_flow_attitude,Flow attitude,0.13835504164451529,0.53846153846153844,0.1344704669746177,0.54410841733375326,0.62844713371186822,6.3102825633441612e-34
5,maemuki_score,Maemuki,10_flow_attitude,Flow attitude,1.1903375863902179,2.3846153846153846,1.1794867871476875,2.3812469756546575,0.62844713371186822,6.3102825633441612e-34
